from_country,to_country,refugees
AFG,ALB,14
AFG,ARE,47
AFG,ARG,11
AFG,ARM,9
AFG,AUL,7787
AFG,AUS,45282
AFG,AZE,1161
AFG,BEL,6238
AFG,BGD,5
AFG,BLR,118
AFG,BRA,267
AFG,BSN,5
AFG,BUL,319
AFG,CAN,987
AFG,CHI,31
AFG,CHL,19
AFG,COL,9
AFG,CUB,12
AFG,CYP,43
AFG,CZE,187
AFG,DEN,1625
AFG,ECU,147
AFG,EST,33
AFG,FIJ,5
AFG,FIN,3855
AFG,FRA,63506
AFG,GBR,11265
AFG,GEO,78
AFG,GFR,180810
AFG,GHA,10
AFG,GRE,35467
AFG,HKG,11
AFG,HRV,99
AFG,HUN,1452
AFG,ICE,227
AFG,IND,9858
AFG,INS,5872
AFG,IRE,1324
AFG,IRN,3413249
AFG,IRQ,14
AFG,ITA,18367
AFG,JOR,8
AFG,JPN,570
AFG,KAZ,285
AFG,KEN,18
AFG,KGZ,189
AFG,KOR,50
AFG,LEB,33
AFG,LKA,87
AFG,LTU,265
AFG,LUX,531
AFG,LVA,207
AFG,MAD,16
AFG,MDA,27
AFG,MEX,6
AFG,MLS,1860
AFG,MNG,5
AFG,MOR,12
AFG,NEP,52
AFG,NET,8420
AFG,NIG,5
AFG,NOR,3041
AFG,NRU,5
AFG,NZL,62
AFG,PAK,1743278
AFG,PAN,5
AFG,PHI,10
AFG,PNG,18
AFG,POL,919
AFG,POR,679
AFG,ROM,420
AFG,RSA,5
AFG,RUS,1324
AFG,SPA,2693
AFG,SRB,33
AFG,SVK,382
AFG,SVN,67
AFG,SWE,26197
AFG,SWI,16520
AFG,SYR,1172
AFG,THA,128
AFG,TJK,8601
AFG,TKM,9
AFG,TUR,10581
AFG,UAE,10
AFG,UGA,33
AFG,UKR,1039
AFG,URU,6
AFG,USA,8931
AFG,UZB,13026
AFG,VEN,10
AIA,MDA,5
ALB,ARG,18
ALB,AUL,34
ALB,AUS,49
ALB,BEL,518
ALB,CAN,229
ALB,ECU,6
ALB,FIN,6
ALB,FRA,10844
ALB,GBR,4697
ALB,GFR,1267
ALB,GRE,190
ALB,ICE,5
ALB,IRE,221
ALB,ITA,891
ALB,LUX,47
ALB,MEX,8
ALB,NET,8
ALB,NOR,18
ALB,SPA,13
ALB,SWE,229
ALB,SWI,116
ALB,USA,1433
ALG,ARG,31
ALG,AUL,8
ALG,AUS,27
ALG,BEL,109
ALG,BRA,9
ALG,CAN,784
ALG,CYP,8
ALG,FIN,9
ALG,FRA,3267
ALG,GBR,305
ALG,GFR,937
ALG,GRE,150
ALG,HUN,14
ALG,IRE,74
ALG,ITA,38
ALG,KOR,8
ALG,LUX,30
ALG,MDA,5
ALG,MEX,5
ALG,MOR,9
ALG,NET,422
ALG,NOR,9
ALG,PAK,22
ALG,POL,30
ALG,POR,779
ALG,ROM,5
ALG,RSA,5
ALG,SPA,188
ALG,SWE,61
ALG,SWI,205
ALG,SYR,5
ALG,TUN,14
ALG,USA,131
AND,SUD,5
ANG,ARG,14
ANG,AUS,36
ANG,BEL,80
ANG,BRA,1189
ANG,CAN,558
ANG,CAR,13
ANG,CMR,5
ANG,COB,15
ANG,COD,365
ANG,ECU,5
ANG,FIN,45
ANG,FRA,7001
ANG,GBR,141
ANG,GFR,798
ANG,GRE,21
ANG,HUN,5
ANG,INS,7
ANG,IRE,47
ANG,ITA,5
ANG,LUX,9
ANG,MEX,13
ANG,MOZ,5
ANG,NAM,5
ANG,NET,28
ANG,NOR,5
ANG,POL,6
ANG,POR,137
ANG,ROM,9
ANG,RSA,22
ANG,RWA,9
ANG,SPA,38
ANG,SVK,24
ANG,SWA,12
ANG,SWE,21
ANG,SWI,653
ANG,UKR,26
ANG,URU,14
ANG,USA,365
ANT,CAN,37
ANT,GBR,10
ANT,TRT,5
ANT,USA,6
ARE,ALB,8
ARE,ARG,5
ARE,ARM,5
ARE,AUL,1093
ARE,AUS,221
ARE,BEL,95
ARE,BRA,73
ARE,BUL,17
ARE,CAN,854
ARE,COS,5
ARE,CYP,125
ARE,CZE,7
ARE,DEN,24
ARE,ECU,12
ARE,EST,5
ARE,ETH,5
ARE,FIN,45
ARE,FRA,1769
ARE,GBR,1062
ARE,GEO,68
ARE,GFR,1840
ARE,GRE,459
ARE,HKG,13
ARE,HRV,8
ARE,HUN,12
ARE,ICE,11
ARE,ICO,5
ARE,INS,12
ARE,IRE,54
ARE,ITA,776
ARE,JOR,125
ARE,KEN,5
ARE,KOR,129
ARE,KUW,5
ARE,LEB,145
ARE,LTU,7
ARE,LUX,8
ARE,LVA,9
ARE,MDA,8
ARE,MEX,5
ARE,MLS,16
ARE,MOR,5
ARE,MTA,74
ARE,NET,581
ARE,NOR,47
ARE,NZL,16
ARE,POL,101
ARE,POR,125
ARE,QAT,13
ARE,ROM,24
ARE,RSA,5
ARE,RUS,5
ARE,SPA,121
ARE,SUD,18
ARE,SVK,17
ARE,SWE,408
ARE,SWI,155
ARE,SYR,31
ARE,THA,18
ARE,UAE,5
ARE,UGA,8
ARE,USA,13383
ARE,YEM,17
ARG,BOL,13
ARG,BRA,6
ARG,CAN,17
ARG,ECU,5
ARG,FRA,18
ARG,GFR,18
ARG,ITA,13
ARG,MEX,5
ARG,NET,10
ARG,SPA,55
ARG,USA,18
ARM,ARG,77
ARM,AUS,295
ARM,BEL,300
ARM,BLR,5
ARM,BRA,5
ARM,BUL,61
ARM,CAN,8
ARM,CYP,26
ARM,CZE,19
ARM,DEN,82
ARM,FRA,6380
ARM,GBR,52
ARM,GFR,4272
ARM,GRE,13
ARM,HRV,5
ARM,HUN,46
ARM,IRE,11
ARM,ITA,224
ARM,LTU,7
ARM,LUX,10
ARM,LVA,11
ARM,MDA,140
ARM,NET,234
ARM,NOR,15
ARM,POL,186
ARM,POR,17
ARM,ROM,36
ARM,RUS,30
ARM,SPA,159
ARM,SRB,5
ARM,SVK,54
ARM,SWE,333
ARM,SWI,213
ARM,UKR,45
ARM,USA,1468
AUL,GBR,5
AUL,GFR,11
AUL,MDA,5
AUL,POL,5
AUL,POR,5
AUS,GFR,5
AUS,MDA,13
AUS,SWI,5
AUS,USA,18
AZE,ARM,27933
AZE,AUL,11
AZE,AUS,151
AZE,BEL,127
AZE,BLR,5
AZE,BSN,5
AZE,BUL,10
AZE,CAN,112
AZE,CZE,34
AZE,DEN,45
AZE,EST,19
AZE,FIN,85
AZE,FRA,4679
AZE,GBR,149
AZE,GFR,5315
AZE,HRV,8
AZE,HUN,18
AZE,ICE,5
AZE,IRE,5
AZE,ITA,17
AZE,LTU,32
AZE,LUX,18
AZE,LVA,21
AZE,MDA,727
AZE,NET,349
AZE,NOR,34
AZE,POL,290
AZE,POR,15
AZE,ROM,50
AZE,RUS,43
AZE,SPA,81
AZE,SVK,25
AZE,SVN,5
AZE,SWE,645
AZE,SWI,300
AZE,TKM,5
AZE,UKR,56
AZE,USA,584
BAH,AUL,38
BAH,CAN,17
BAH,DEN,5
BAH,FRA,22
BAH,GBR,87
BAH,GFR,45
BAH,IRE,12
BAH,LEB,13
BAH,NET,14
BAH,NZL,7
BAH,SWE,16
BAH,SYR,5
BAH,USA,21
BAR,CAN,216
BAR,GBR,15
BDI,ANG,17
BDI,ARE,56
BDI,ARG,5
BDI,AUL,53
BDI,AUS,18
BDI,BEL,2156
BDI,BEN,5
BDI,BKF,20
BDI,BOT,48
BDI,BRA,48
BDI,CAN,740
BDI,CAR,24
BDI,CHD,6
BDI,CMR,55
BDI,COB,78
BDI,COD,43623
BDI,COS,9
BDI,CZE,5
BDI,DEN,5
BDI,ETH,64
BDI,FIN,7
BDI,FRA,2073
BDI,GAB,5
BDI,GBR,54
BDI,GFR,104
BDI,GHA,14
BDI,GRE,84
BDI,GUI,5
BDI,HKG,9
BDI,ICO,34
BDI,IRE,26
BDI,ITA,6
BDI,JPN,9
BDI,KEN,8159
BDI,KOR,49
BDI,LUX,5
BDI,MLI,17
BDI,MLW,6573
BDI,MOR,9
BDI,MOZ,946
BDI,NAM,359
BDI,NET,77
BDI,NOR,31
BDI,PHI,13
BDI,ROM,6
BDI,RSA,2360
BDI,RWA,48367
BDI,SEN,5
BDI,SPA,9
BDI,SRB,9
BDI,SSD,301
BDI,SUD,12
BDI,SVK,5
BDI,SWA,187
BDI,SWE,223
BDI,SWI,196
BDI,TAN,155307
BDI,TOG,5
BDI,TUN,8
BDI,UGA,39104
BDI,UKR,5
BDI,USA,782
BDI,ZAM,7230
BDI,ZIM,712
BEL,CAN,5
BEL,GFR,7
BEL,MDA,10
BEL,USA,6
BEN,AUS,5
BEN,BEL,33
BEN,BRA,5
BEN,CAN,50
BEN,FRA,261
BEN,GBR,11
BEN,GFR,101
BEN,GHA,13
BEN,ITA,165
BEN,MEX,5
BEN,NIG,5
BEN,POR,5
BEN,RSA,5
BEN,SPA,5
BEN,SWE,10
BEN,SWI,24
BEN,TOG,37
BEN,USA,76
BGD,ARG,5
BGD,AUL,418
BGD,AUS,382
BGD,BEL,15
BGD,BRA,37
BGD,BUL,7
BGD,CAN,1092
BGD,CYP,12
BGD,DEN,17
BGD,ECU,5
BGD,FIN,23
BGD,FRA,9573
BGD,GBR,1943
BGD,GFR,551
BGD,GRE,391
BGD,HKG,16
BGD,HRV,10
BGD,HUN,11
BGD,ICE,5
BGD,IND,8
BGD,IRE,99
BGD,ITA,5143
BGD,JPN,18
BGD,KOR,130
BGD,MEX,12
BGD,MLS,39
BGD,MTA,15
BGD,NET,136
BGD,NOR,5
BGD,NRU,5
BGD,NZL,14
BGD,PER,26
BGD,PNG,5
BGD,POL,16
BGD,POR,155
BGD,ROM,13
BGD,RSA,153
BGD,RUS,5
BGD,SOM,6
BGD,SPA,29
BGD,SWE,235
BGD,SWI,53
BGD,TRT,8
BGD,USA,3086
BHS,CAN,603
BHS,USA,178
BHU,AUL,5
BHU,BRA,31
BHU,CAN,5
BHU,FRA,170
BHU,GBR,15
BHU,GFR,19
BHU,IRE,8
BHU,LUX,5
BHU,NEP,6365
BHU,NET,40
BHU,USA,34
BKF,ALG,12
BKF,AUS,5
BKF,BEL,84
BKF,BEN,193
BKF,BRA,124
BKF,CAN,103
BKF,ECU,5
BKF,FIN,5
BKF,FRA,690
BKF,GBR,13
BKF,GFR,99
BKF,GRE,55
BKF,ICO,3375
BKF,ITA,919
BKF,LUX,6
BKF,MAU,23
BKF,MEX,17
BKF,MLI,25800
BKF,MOR,7
BKF,MTA,5
BKF,NET,11
BKF,SPA,247
BKF,SWE,5
BKF,SWI,24
BKF,TUN,21
BKF,USA,1470
BLR,AUL,7
BLR,AUS,37
BLR,BEL,70
BLR,BRA,5
BLR,BUL,30
BLR,CAN,19
BLR,CZE,174
BLR,DEN,14
BLR,EST,23
BLR,FIN,32
BLR,FRA,901
BLR,GBR,98
BLR,GFR,1070
BLR,GRE,8
BLR,HRV,15
BLR,HUN,7
BLR,ICE,6
BLR,IRE,22
BLR,ISR,5
BLR,ITA,134
BLR,LTU,306
BLR,LUX,7
BLR,LVA,154
BLR,MDA,74
BLR,MNE,5
BLR,MTA,9
BLR,NET,108
BLR,NOR,16
BLR,PAN,7
BLR,POL,5547
BLR,POR,499
BLR,ROM,44
BLR,SPA,279
BLR,SVK,45
BLR,SVN,8
BLR,SWE,118
BLR,SWI,164
BLR,UKR,42
BLR,USA,1459
BOL,ARG,56
BOL,BRA,158
BOL,CAN,30
BOL,COL,5
BOL,FRA,70
BOL,GBR,23
BOL,GFR,8
BOL,IRE,31
BOL,ITA,5
BOL,PAR,20
BOL,PER,20
BOL,SPA,13
BOL,SWE,51
BOL,SWI,5
BOL,URU,6
BOL,USA,75
BOT,CAN,7
BOT,GBR,37
BOT,GFR,5
BOT,IRE,32
BRA,AUL,9
BRA,BEL,18
BRA,CAN,153
BRA,ECU,5
BRA,FIN,5
BRA,FRA,89
BRA,GBR,46
BRA,GFR,36
BRA,IRE,46
BRA,ITA,411
BRA,LUX,6
BRA,MEX,338
BRA,NET,8
BRA,PER,5
BRA,POL,5
BRA,POR,23
BRA,SPA,76
BRA,SWE,7
BRA,SWI,14
BRA,USA,1444
BSN,ARG,6
BSN,AUS,53
BSN,BEL,34
BSN,BRA,5
BSN,CAN,6
BSN,CYP,15
BSN,DEN,5
BSN,FRA,6904
BSN,GBR,5
BSN,GFR,1339
BSN,ITA,34
BSN,JOR,9
BSN,LUX,12
BSN,NET,8
BSN,PAN,5
BSN,POL,7
BSN,SRB,7879
BSN,SVK,36
BSN,SVN,7
BSN,SWE,59
BSN,SWI,1399
BSN,USA,86
BUL,BEL,17
BUL,CAN,68
BUL,FRA,66
BUL,GFR,91
BUL,MDA,371
BUL,NOR,8
BUL,SVK,8
BUL,SWE,8
BUL,SWI,9
BUL,USA,144
BZE,MEX,31
BZE,USA,34
CAM,AUL,72
CAM,BEL,13
CAM,CAN,23
CAM,FIN,5
CAM,FRA,10795
CAM,GFR,37
CAM,ICO,7
CAM,KOR,5
CAM,MEX,24
CAM,MLS,72
CAM,NET,6
CAM,PHI,13
CAM,SVK,5
CAM,SWI,265
CAM,THA,239
CAM,USA,108
CAN,BUL,5
CAN,GBR,11
CAN,GFR,44
CAN,HRV,5
CAN,HUN,5
CAN,ITA,5
CAN,MDA,8
CAN,POL,20
CAN,POR,19
CAN,ROM,9
CAN,SPA,16
CAN,SWE,5
CAN,SWI,5
CAN,USA,29
CAR,ALG,106
CAR,ANG,7
CAR,ARE,45
CAR,BEL,72
CAR,BEN,1193
CAR,BKF,106
CAR,BRA,5
CAR,CAN,36
CAR,CHD,124529
CAR,CMR,346680
CAR,COB,26613
CAR,COD,211137
CAR,FIN,6
CAR,FRA,5661
CAR,GAB,19
CAR,GAM,5
CAR,GBR,14
CAR,GFR,38
CAR,GHA,183
CAR,GRE,22
CAR,GUI,36
CAR,HKG,5
CAR,ICO,565
CAR,ITA,17
CAR,JOR,7
CAR,LBR,5
CAR,MAU,670
CAR,MLI,1212
CAR,MLS,5
CAR,MOR,605
CAR,NAM,6
CAR,NET,7
CAR,NGR,138
CAR,NIG,921
CAR,NOR,15
CAR,POL,5
CAR,POR,8
CAR,ROM,5
CAR,RSA,8
CAR,SEN,258
CAR,SPA,150
CAR,SSD,2282
CAR,SUD,24363
CAR,SWE,71
CAR,SWI,22
CAR,TOG,246
CAR,TUN,19
CAR,UGA,29
CAR,USA,170
CAY,USA,5
CHD,ALG,5
CHD,ANG,189
CHD,ARE,66
CHD,AUS,5
CHD,BEL,45
CHD,BEN,37
CHD,BKF,46
CHD,CAN,496
CHD,CAR,1314
CHD,CMR,1526
CHD,COB,28
CHD,COD,22
CHD,FRA,3391
CHD,GAB,28
CHD,GBR,167
CHD,GFR,113
CHD,GHA,41
CHD,GRE,14
CHD,ICE,5
CHD,ICO,5
CHD,IRE,5
CHD,ISR,5
CHD,JOR,11
CHD,MOR,8
CHD,MTA,10
CHD,NET,5
CHD,NGR,107
CHD,NIG,89
CHD,RWA,6
CHD,SAU,9
CHD,SEN,5
CHD,SPA,42
CHD,SUD,4654
CHD,SWE,18
CHD,SWI,31
CHD,SYR,9
CHD,TOG,18
CHD,TUN,5
CHD,UGA,9
CHD,USA,221
CHI,ALB,14
CHI,AUL,1656
CHI,AUS,677
CHI,BEL,1068
CHI,BRA,24
CHI,CAN,2154
CHI,CYP,5
CHI,CZE,64
CHI,DEN,17
CHI,ECU,12
CHI,FIN,175
CHI,FRA,11161
CHI,GBR,928
CHI,GFR,1667
CHI,GRE,114
CHI,HUN,15
CHI,ICE,5
CHI,IND,72294
CHI,INS,10
CHI,IRE,63
CHI,ITA,462
CHI,JPN,86
CHI,KAZ,5
CHI,KOR,51
CHI,LIE,33
CHI,LUX,7
CHI,LVA,5
CHI,MAU,5
CHI,MDA,78
CHI,MEX,5
CHI,MLS,38
CHI,MNG,5
CHI,MTA,17
CHI,NET,777
CHI,NOR,288
CHI,NZL,271
CHI,PHI,5
CHI,POL,32
CHI,POR,65
CHI,ROM,39
CHI,RUS,14
CHI,SAU,14
CHI,SPA,115
CHI,SRB,5
CHI,SVK,15
CHI,SWE,183
CHI,SWI,2253
CHI,THA,172
CHI,USA,64066
CHL,ARG,34
CHL,AUL,16
CHL,BEL,43
CHL,BRA,21
CHL,CAN,166
CHL,ECU,6
CHL,FRA,153
CHL,GFR,154
CHL,ITA,17
CHL,MEX,513
CHL,NZL,5
CHL,POL,25
CHL,SPA,67
CHL,SWE,9
CHL,SWI,9
CHL,USA,87
CHL,VEN,10
CMR,ALG,135
CMR,ARE,20
CMR,ARG,11
CMR,AUL,40
CMR,AUS,193
CMR,BEL,611
CMR,BEN,119
CMR,BHS,5
CMR,BRA,111
CMR,CAN,631
CMR,CAR,69
CMR,CHD,42597
CMR,CHI,19
CMR,COB,5
CMR,CYP,188
CMR,DEN,9
CMR,ECU,21
CMR,FIN,158
CMR,FRA,2981
CMR,GAB,5
CMR,GBR,826
CMR,GFR,1151
CMR,GHA,380
CMR,GRE,1145
CMR,HKG,5
CMR,HRV,5
CMR,HUN,43
CMR,ICE,5
CMR,ICO,16
CMR,IND,31
CMR,IRE,110
CMR,ITA,1752
CMR,JPN,26
CMR,KOR,23
CMR,LBR,6
CMR,LEB,10
CMR,LES,5
CMR,LTU,6
CMR,LUX,39
CMR,MAU,19
CMR,MEX,32
CMR,MLI,6
CMR,MLS,12
CMR,MOR,174
CMR,MTA,10
CMR,NAM,26
CMR,NET,102
CMR,NGR,19
CMR,NIG,86731
CMR,NOR,17
CMR,NZL,5
CMR,PAN,10
CMR,PER,20
CMR,PHI,39
CMR,POL,7
CMR,POR,233
CMR,ROM,26
CMR,RSA,282
CMR,SOM,5
CMR,SPA,162
CMR,SRB,5
CMR,SSD,5
CMR,SUD,7
CMR,SVK,10
CMR,SVN,10
CMR,SWA,5
CMR,SWE,234
CMR,SWI,251
CMR,THA,60
CMR,TOG,9
CMR,TRT,6
CMR,TUN,53
CMR,UGA,5
CMR,UKR,5
CMR,URU,13
CMR,USA,5214
CMR,ZAM,18
COB,ANG,65
COB,ARE,11
COB,ARM,5
COB,AUL,37
COB,AUS,78
COB,BEL,30
COB,BKF,15
COB,BRA,19
COB,BUL,9
COB,CAN,131
COB,CAR,15
COB,CHD,11
COB,CHL,8
COB,CMR,44
COB,COD,642
COB,CYP,12
COB,ECU,7
COB,FIN,6
COB,FRA,5807
COB,GAB,59
COB,GAM,5
COB,GBR,88
COB,GFR,251
COB,GHA,8
COB,GRE,177
COB,GUI,11
COB,HRV,6
COB,HUN,12
COB,ICO,75
COB,IND,11
COB,IRE,13
COB,ITA,296
COB,KEN,53
COB,MAU,7
COB,MCD,5
COB,MEX,27
COB,MLI,33
COB,MOR,16
COB,MOZ,15
COB,NAM,5
COB,NET,175
COB,NGR,5
COB,NIG,5
COB,NOR,5
COB,PHI,7
COB,POL,11
COB,POR,50
COB,ROM,5
COB,RSA,3654
COB,SPA,68
COB,SUD,17
COB,SWA,16
COB,SWE,32
COB,SWI,42
COB,TOG,32
COB,UGA,36
COB,UKR,27
COB,URU,5
COB,USA,944
COB,VEN,5
COB,ZIM,20
COD,ALG,79
COD,ANG,22641
COD,ARE,48
COD,ARG,26
COD,AUL,59
COD,AUS,325
COD,BDI,83887
COD,BEL,1451
COD,BEN,34
COD,BKF,19
COD,BOT,294
COD,BRA,1696
COD,CAN,1213
COD,CAR,6365
COD,CHD,264
COD,CHI,19
COD,CHL,5
COD,CMR,455
COD,COB,12191
COD,COI,12
COD,COS,12
COD,CYP,51
COD,CZE,5
COD,DEN,57
COD,DJB,5
COD,ECU,8
COD,ETH,848
COD,FIN,88
COD,FRA,32763
COD,GAB,67
COD,GAM,49
COD,GBR,856
COD,GEO,5
COD,GFR,1371
COD,GHA,69
COD,GRE,2733
COD,GUI,54
COD,HKG,8
COD,HRV,7
COD,HUN,24
COD,ICE,5
COD,ICO,123
COD,IND,76
COD,INS,10
COD,IRE,427
COD,ITA,703
COD,JPN,25
COD,KEN,33005
COD,KOR,67
COD,LBR,33
COD,LEB,5
COD,LES,188
COD,LUX,47
COD,MAD,5
COD,MAU,33
COD,MEX,75
COD,MLI,280
COD,MLS,9
COD,MLW,25454
COD,MOR,183
COD,MOZ,3068
COD,MTA,5
COD,NAM,4051
COD,NET,83
COD,NGR,48
COD,NIG,667
COD,NOR,361
COD,NZL,5
COD,PAN,5
COD,PER,8
COD,PHI,14
COD,POR,157
COD,ROM,16
COD,RSA,19777
COD,RUS,11
COD,RWA,71966
COD,SEN,5
COD,SPA,94
COD,SSD,10111
COD,SUD,437
COD,SVK,16
COD,SVN,10
COD,SWA,510
COD,SWE,829
COD,SWI,1136
COD,TAN,50632
COD,THA,18
COD,TOG,108
COD,UGA,476222
COD,UKR,12
COD,USA,1555
COD,ZAM,50131
COD,ZIM,8919
COI,CAN,5
COI,FRA,1872
COI,GRE,8
COI,POR,5
COI,SWE,5
COI,USA,5
COL,ARG,562
COL,AUL,85
COL,AUS,5
COL,BEL,160
COL,BOL,200
COL,BRA,1318
COL,CAN,4351
COL,CHL,1235
COL,COS,2304
COL,CZE,5
COL,DEN,5
COL,ECU,57160
COL,FIN,6
COL,FRA,1427
COL,GBR,15
COL,GFR,132
COL,GUA,10
COL,HON,5
COL,ITA,1094
COL,MEX,616
COL,NET,189
COL,NIC,6
COL,NOR,49
COL,NZL,33
COL,PAN,1654
COL,PAR,18
COL,PER,734
COL,POL,5
COL,POR,21
COL,SAL,16
COL,SPA,3009
COL,SWE,40
COL,SWI,323
COL,TRT,8
COL,URU,170
COL,USA,2984
COL,VEN,29181
COS,ARG,5
COS,BRA,5
COS,CAN,23
COS,CHL,5
COS,MEX,44
COS,POL,5
COS,SPA,5
COS,USA,183
CUB,ARG,262
CUB,ARM,5
CUB,AUS,15
CUB,BEL,10
CUB,BOL,48
CUB,BRA,1180
CUB,CAN,288
CUB,CAY,47
CUB,CHL,19
CUB,COL,87
CUB,COS,648
CUB,CZE,33
CUB,DOM,6
CUB,ECU,230
CUB,ETH,5
CUB,FIN,5
CUB,FRA,394
CUB,GBR,16
CUB,GFR,100
CUB,GRE,25
CUB,GUA,12
CUB,GUY,7
CUB,HUN,74
CUB,IRE,6
CUB,ITA,70
CUB,LTU,5
CUB,MDA,14
CUB,MEX,4693
CUB,MNE,5
CUB,NET,65
CUB,NIC,14
CUB,PAN,120
CUB,PAR,951
CUB,PER,546
CUB,POL,19
CUB,POR,5
CUB,ROM,6
CUB,SPA,204
CUB,SRB,8
CUB,SUR,12
CUB,SVK,32
CUB,SWE,24
CUB,SWI,48
CUB,TRT,163
CUB,URU,35
CUB,USA,2968
CUW,USA,35
CVI,FRA,5
CVI,GBR,5
CVI,ITA,5
CVI,LUX,5
CZE,BEL,5
CZE,CAN,175
CZE,GFR,392
CZE,MDA,5
CZE,NOR,5
CZE,NZL,9
CZE,USA,8
DJB,ARE,23
DJB,BEL,294
DJB,CAN,183
DJB,ETH,53
DJB,FRA,663
DJB,GBR,6
DJB,GFR,29
DJB,GRE,28
DJB,SWE,32
DJB,SWI,18
DJB,USA,372
DJB,YEM,5
DMA,CAN,5
DMA,FRA,11
DMA,GBR,22
DMA,GFR,5
DMA,USA,14
DOM,ARG,11
DOM,BRA,9
DOM,CAN,110
DOM,ECU,5
DOM,FIN,5
DOM,FRA,202
DOM,GFR,11
DOM,GRE,10
DOM,ITA,13
DOM,MEX,42
DOM,PAN,5
DOM,PER,20
DOM,SPA,30
DOM,USA,251
ECU,ARG,16
ECU,BOL,5
ECU,BRA,60
ECU,CAN,88
ECU,CHL,23
ECU,COL,5
ECU,FRA,37
ECU,GBR,5
ECU,GFR,24
ECU,HUN,5
ECU,ITA,17
ECU,MDA,20
ECU,MEX,88
ECU,NET,7
ECU,PER,5
ECU,POL,5
ECU,POR,33
ECU,ROM,9
ECU,SPA,78
ECU,SWE,6
ECU,URU,8
ECU,USA,2656
EGU,CAN,6
EGU,CMR,6
EGU,FRA,76
EGU,GBR,5
EGU,GFR,21
EGU,GRE,5
EGU,SPA,54
EGU,SWE,5
EGU,SWI,5
EGU,USA,17
ERT,ALG,5
ERT,ANG,83
ERT,ARE,16526
ERT,ARG,12
ERT,AUL,101
ERT,AUS,506
ERT,BEL,4621
ERT,BEN,5
ERT,BRA,26
ERT,BUL,13
ERT,CAN,474
ERT,CHD,15
ERT,CHI,6
ERT,COD,7
ERT,COL,5
ERT,CUB,5
ERT,CYP,54
ERT,CZE,11
ERT,DEN,5936
ERT,DJB,584
ERT,ECU,11
ERT,EST,10
ERT,ETH,162812
ERT,FIN,869
ERT,FRA,11987
ERT,GBR,16703
ERT,GEO,10
ERT,GFR,44437
ERT,GHA,120
ERT,GRE,1792
ERT,GUI,14
ERT,HRV,27
ERT,HUN,47
ERT,ICE,9
ERT,ICO,8
ERT,IND,13
ERT,INS,148
ERT,IRE,104
ERT,IRQ,5
ERT,ISR,226
ERT,ITA,3177
ERT,JOR,37
ERT,JPN,5
ERT,KEN,942
ERT,KOR,10
ERT,KUW,9
ERT,LBY,239
ERT,LEB,17
ERT,LES,31
ERT,LIE,12
ERT,LTU,46
ERT,LUX,1694
ERT,LVA,35
ERT,MEX,7
ERT,MLI,5
ERT,MLS,32
ERT,MOR,49
ERT,MTA,911
ERT,NET,14830
ERT,NGR,98
ERT,NIG,41
ERT,NOR,10276
ERT,NZL,6
ERT,PHI,21
ERT,POL,5
ERT,POR,204
ERT,ROM,67
ERT,RSA,1314
ERT,RWA,204
ERT,SAU,36
ERT,SOM,57
ERT,SPA,360
ERT,SSD,779
ERT,SUD,119410
ERT,SVN,86
ERT,SWA,5
ERT,SWE,25302
ERT,SWI,38508
ERT,SYR,16
ERT,TUN,136
ERT,UGA,14436
ERT,UKR,10
ERT,USA,5036
ERT,YEM,1299
ERT,ZAM,123
ERT,ZIM,21
EST,GFR,5
EST,RSA,5
EST,RUS,5
EST,USA,25
ETH,ARE,5814
ETH,ARG,5
ETH,AUL,473
ETH,AUS,262
ETH,BEL,263
ETH,BLR,5
ETH,BRA,29
ETH,BUL,10
ETH,CAN,998
ETH,CHD,23
ETH,COD,5
ETH,COL,7
ETH,COS,5
ETH,CYP,10
ETH,CZE,6
ETH,DEN,92
ETH,DJB,3710
ETH,ECU,5
ETH,ERT,15
ETH,FIN,157
ETH,FRA,3478
ETH,GBR,2211
ETH,GFR,5378
ETH,GHA,10
ETH,GRE,640
ETH,HKG,6
ETH,HUN,41
ETH,ICE,14
ETH,ICO,7
ETH,IND,26
ETH,INS,100
ETH,IRE,90
ETH,ISR,111
ETH,ITA,980
ETH,JOR,22
ETH,JPN,36
ETH,KEN,21620
ETH,KOR,179
ETH,LBY,31
ETH,LEB,166
ETH,LES,8
ETH,LTU,5
ETH,LUX,70
ETH,MAU,8
ETH,MEX,6
ETH,MLS,10
ETH,MLW,14
ETH,MOZ,9
ETH,MTA,174
ETH,NAM,6
ETH,NET,436
ETH,NGR,14
ETH,NIG,8
ETH,NOR,1083
ETH,NZL,19
ETH,PER,5
ETH,PHI,5
ETH,POL,10
ETH,POR,18
ETH,ROM,7
ETH,RSA,13002
ETH,RWA,26
ETH,SOM,4944
ETH,SPA,21
ETH,SRB,5
ETH,SSD,4151
ETH,SUD,55455
ETH,SWA,37
ETH,SWE,2534
ETH,SWI,1837
ETH,SYR,12
ETH,THA,10
ETH,TUN,13
ETH,UGA,3710
ETH,UKR,23
ETH,USA,7661
ETH,YEM,6720
ETH,ZAM,53
ETH,ZIM,76
FGU,MEX,11
FIJ,AUL,228
FIJ,CAN,5
FIJ,NZL,18
FIJ,USA,85
FRA,GFR,12
FRA,MDA,25
FRA,SWI,9
FRA,USA,19
GAB,AUS,5
GAB,BEL,31
GAB,CAN,36
GAB,FRA,588
GAB,GBR,9
GAB,GFR,17
GAB,GRE,5
GAB,LUX,5
GAB,POR,5
GAB,SPA,5
GAB,SWI,5
GAB,USA,59
GAM,AUL,11
GAM,AUS,118
GAM,BEL,35
GAM,BRA,9
GAM,CAN,63
GAM,CYP,6
GAM,DEN,5
GAM,FIN,28
GAM,FRA,594
GAM,GBR,739
GAM,GFR,1134
GAM,GRE,136
GAM,GUI,7
GAM,IRE,5
GAM,ITA,6087
GAM,LUX,8
GAM,MTA,26
GAM,NET,56
GAM,NOR,13
GAM,PER,5
GAM,POR,25
GAM,ROM,5
GAM,SEN,14
GAM,SPA,76
GAM,SWE,171
GAM,SWI,56
GAM,USA,1229
GAZ,ALB,8
GAZ,ALG,243
GAZ,ARE,70020
GAZ,ARG,25
GAZ,ARM,7
GAZ,AUL,437
GAZ,AZE,5
GAZ,BEL,4607
GAZ,BLR,8
GAZ,BRA,582
GAZ,CAN,615
GAZ,CHI,11
GAZ,CHL,15
GAZ,CYP,2237
GAZ,ECU,11
GAZ,FRA,2099
GAZ,GBR,691
GAZ,GEO,5
GAZ,GFR,1586
GAZ,GHA,19
GAZ,GRE,7514
GAZ,HKG,5
GAZ,HUN,86
GAZ,ICE,273
GAZ,IND,48
GAZ,INS,141
GAZ,IRE,130
GAZ,IRQ,7704
GAZ,ITA,742
GAZ,KUW,5
GAZ,LBY,232
GAZ,LKA,5
GAZ,LVA,7
GAZ,MAU,79
GAZ,MEX,6
GAZ,MLS,224
GAZ,MOR,94
GAZ,MTA,72
GAZ,NET,134
GAZ,NIG,21
GAZ,NZL,6
GAZ,PAK,21
GAZ,PER,41
GAZ,PHI,63
GAZ,POL,12
GAZ,POR,9
GAZ,ROM,68
GAZ,RSA,28
GAZ,RUS,5
GAZ,SAU,14
GAZ,SOM,8
GAZ,SPA,1326
GAZ,SRB,5
GAZ,SUD,49
GAZ,SVK,7
GAZ,SVN,27
GAZ,SWE,1352
GAZ,THA,186
GAZ,TOG,5
GAZ,TUN,34
GAZ,UAE,17
GAZ,UGA,5
GAZ,UKR,18
GAZ,USA,26
GAZ,VEN,7
GAZ,YEM,572
GAZ,ZAM,11
GBR,AUL,6
GBR,AUS,5
GBR,BEL,16
GBR,BUL,5
GBR,CAN,6
GBR,GBR,20
GBR,GFR,34
GBR,HRV,5
GBR,HUN,5
GBR,MDA,28
GBR,POL,25
GBR,POR,9
GBR,ROM,5
GBR,SPA,21
GBR,SWE,5
GBR,SWI,5
GBR,USA,37
GEO,ARG,5
GEO,ARM,9
GEO,AUL,12
GEO,AUS,323
GEO,BEL,283
GEO,BLR,48
GEO,BRA,11
GEO,BUL,30
GEO,CAN,205
GEO,CYP,85
GEO,CZE,9
GEO,DEN,22
GEO,EST,11
GEO,FIN,9
GEO,FRA,6177
GEO,GBR,80
GEO,GFR,2459
GEO,GRE,258
GEO,HRV,25
GEO,HUN,63
GEO,ICE,6
GEO,IRE,214
GEO,ISR,5
GEO,ITA,792
GEO,LTU,18
GEO,LUX,5
GEO,LVA,17
GEO,MDA,166
GEO,MTA,5
GEO,NET,136
GEO,NOR,27
GEO,POL,350
GEO,POR,26
GEO,ROM,24
GEO,RUS,118
GEO,SPA,250
GEO,SVK,14
GEO,SWE,129
GEO,SWI,336
GEO,UKR,25
GEO,USA,566
GFR,AUL,8
GFR,BRA,5
GFR,CAN,5
GFR,MDA,50
GFR,RUS,42
GFR,SWI,6
GFR,USA,41
GHA,ARG,37
GHA,AUL,59
GHA,AUS,16
GHA,BEL,16
GHA,BRA,50
GHA,CAN,230
GHA,COL,5
GHA,DEN,8
GHA,ECU,5
GHA,FIN,35
GHA,FRA,611
GHA,GBR,338
GHA,GFR,908
GHA,GRE,102
GHA,HUN,12
GHA,ICE,5
GHA,IRE,35
GHA,ITA,2473
GHA,MEX,50
GHA,MNE,5
GHA,MTA,8
GHA,NET,159
GHA,NIG,5
GHA,NOR,6
GHA,PER,5
GHA,PHI,5
GHA,POL,6
GHA,POR,565
GHA,RSA,5
GHA,SPA,29
GHA,SWE,61
GHA,SWI,22
GHA,TOG,8513
GHA,USA,544
GLP,USA,17
GNB,ANG,7
GNB,ARG,8
GNB,AUS,5
GNB,BEL,6
GNB,BRA,26
GNB,CAN,5
GNB,DEN,5
GNB,FRA,1300
GNB,GBR,9
GNB,GFR,100
GNB,ITA,451
GNB,LUX,5
GNB,NIG,5
GNB,NOR,5
GNB,POR,9
GNB,SPA,11
GNB,SWE,7
GNB,SWI,46
GNB,USA,20
GRE,AUL,10
GRE,CAN,6
GRE,GBR,5
GRE,GFR,50
GRE,MDA,15
GRE,SWE,18
GRE,SWI,5
GRE,USA,16
GRN,CAN,13
GRN,GBR,24
GRN,USA,14
GUA,ARG,8
GUA,AUS,6
GUA,BEL,38
GUA,BRA,5
GUA,CAN,230
GUA,COS,24
GUA,FRA,25
GUA,GBR,9
GUA,GFR,5
GUA,IRE,11
GUA,ITA,16
GUA,MEX,4127
GUA,NIC,7
GUA,PAN,12
GUA,PER,5
GUA,SAL,6
GUA,SPA,174
GUA,SWE,6
GUA,SWI,7
GUA,URU,5
GUA,USA,25552
GUI,ALG,41
GUI,ANG,126
GUI,ARE,11
GUI,ARG,10
GUI,AUL,9
GUI,AUS,129
GUI,BEL,3165
GUI,BRA,116
GUI,BUL,5
GUI,CAN,307
GUI,CAR,6
GUI,CMR,8
GUI,CYP,15
GUI,ECU,10
GUI,FIN,25
GUI,FRA,22285
GUI,GAM,5
GUI,GBR,209
GUI,GFR,3288
GUI,GRE,250
GUI,HUN,5
GUI,IRE,14
GUI,ITA,2430
GUI,JPN,5
GUI,KOR,7
GUI,LUX,37
GUI,MAU,17
GUI,MEX,48
GUI,MLS,13
GUI,MOR,172
GUI,NET,333
GUI,NIG,18
GUI,NOR,24
GUI,POL,5
GUI,POR,74
GUI,ROM,12
GUI,RUS,5
GUI,SEN,6
GUI,SPA,268
GUI,SWE,57
GUI,SWI,183
GUI,SYR,56
GUI,TUN,12
GUI,UKR,5
GUI,USA,1477
GUY,BRA,5
GUY,CAN,46
GUY,FRA,38
GUY,GBR,18
GUY,NET,6
GUY,TRT,15
GUY,USA,120
HAI,ARG,79
HAI,BEL,7
HAI,BRA,11
HAI,CAN,2823
HAI,COS,13
HAI,CUB,5
HAI,DOM,344
HAI,ECU,27
HAI,FRA,7239
HAI,GFR,13
HAI,GRE,60
HAI,GUY,5
HAI,JAM,31
HAI,KOR,11
HAI,MEX,4964
HAI,PAN,19
HAI,PER,87
HAI,SPA,6
HAI,TRT,5
HAI,URU,5
HAI,USA,14538
HAI,VEN,12
HKG,AUL,6
HKG,CAN,104
HKG,GBR,27
HKG,GFR,8
HKG,NZL,5
HKG,USA,27
HON,ARG,5
HON,AUL,5
HON,BEL,21
HON,BRA,7
HON,BZE,26
HON,CAN,384
HON,CHL,5
HON,COL,5
HON,COS,229
HON,FIN,36
HON,FRA,60
HON,GBR,148
HON,GFR,74
HON,GUA,145
HON,ICE,13
HON,IRE,5
HON,ITA,493
HON,MEX,41671
HON,NET,8
HON,NIC,74
HON,NOR,6
HON,PAN,6
HON,SAL,31
HON,SPA,2166
HON,SWE,29
HON,SWI,5
HON,USA,19319
HRV,BEL,5
HRV,BRA,6
HRV,CAN,36
HRV,FRA,61
HRV,GFR,258
HRV,PAN,5
HRV,SRB,17169
HRV,SWI,18
HRV,USA,15
HUN,BEL,28
HUN,BRA,5
HUN,CAN,1582
HUN,COL,5
HUN,FRA,69
HUN,GFR,227
HUN,MDA,7
HUN,NZL,5
HUN,ROM,5
HUN,SWE,5
HUN,USA,15
ICO,ALG,76
ICO,ANG,417
ICO,ARE,5
ICO,ARG,20
ICO,ARM,6
ICO,AUS,45
ICO,BEL,236
ICO,BKF,5
ICO,BOL,5
ICO,BRA,59
ICO,BUL,5
ICO,CAN,199
ICO,CAR,8
ICO,CHD,5
ICO,CMR,49
ICO,COB,5
ICO,COD,12
ICO,CYP,5
ICO,DEN,7
ICO,ECU,5
ICO,ETH,5
ICO,FIN,7
ICO,FRA,13750
ICO,GBR,174
ICO,GFR,686
ICO,GHA,2369
ICO,GNB,6
ICO,GRE,116
ICO,GUI,22
ICO,HUN,15
ICO,ICE,5
ICO,IND,5
ICO,IRE,15
ICO,ISR,7
ICO,ITA,3845
ICO,KOR,39
ICO,LBR,458
ICO,LUX,17
ICO,MAU,169
ICO,MEX,6
ICO,MLS,5
ICO,MLW,5
ICO,MOR,289
ICO,MTA,13
ICO,NET,121
ICO,NGR,8
ICO,NIG,134
ICO,NOR,13
ICO,PHI,31
ICO,POR,67
ICO,RSA,26
ICO,SEN,5
ICO,SPA,354
ICO,SWE,29
ICO,SWI,192
ICO,SYR,5
ICO,THA,18
ICO,TOG,15
ICO,TUN,60
ICO,USA,811
ICO,ZIM,12
IND,ARG,23
IND,AUL,459
IND,AUS,38
IND,BEL,18
IND,BRA,20
IND,BUL,5
IND,CAN,5180
IND,CYP,10
IND,CZE,5
IND,ECU,5
IND,FIN,7
IND,FRA,329
IND,GBR,517
IND,GFR,652
IND,GRE,56
IND,HUN,6
IND,IRE,21
IND,ITA,256
IND,JOR,5
IND,LTU,5
IND,LUX,5
IND,MDA,41
IND,MEX,14
IND,MLS,5
IND,NET,297
IND,NOR,5
IND,NZL,33
IND,PER,6
IND,POL,66
IND,POR,899
IND,ROM,19
IND,SPA,88
IND,SVK,12
IND,SWE,23
IND,SWI,48
IND,UKR,8
IND,USA,11646
INS,AUL,240
INS,CAN,53
INS,COS,5
INS,FIN,5
INS,FRA,10
INS,GBR,49
INS,GFR,15
INS,GRE,14
INS,HKG,13
INS,IRE,5
INS,NET,13
INS,NZL,9
INS,PNG,10445
INS,SWE,15
INS,USA,849
IRE,CAN,5
IRE,MDA,8
IRN,AFG,35
IRN,ARG,29
IRN,ARM,158
IRN,AUL,12023
IRN,AUS,7664
IRN,AZE,51
IRN,BEL,1526
IRN,BLR,5
IRN,BRA,69
IRN,BSN,5
IRN,BUL,91
IRN,CAN,6377
IRN,CHD,5
IRN,CHI,5
IRN,CMR,5
IRN,COS,5
IRN,CUB,10
IRN,CYP,684
IRN,CZE,11
IRN,DEN,2465
IRN,ECU,72
IRN,EST,5
IRN,FIN,936
IRN,FRA,4185
IRN,GBR,22707
IRN,GEO,49
IRN,GFR,25452
IRN,GRE,3581
IRN,HRV,47
IRN,HUN,197
IRN,ICE,110
IRN,ICO,7
IRN,IND,60
IRN,INS,289
IRN,IRE,137
IRN,IRQ,3707
IRN,ISR,6
IRN,ITA,1213
IRN,JOR,5
IRN,JPN,20
IRN,KOR,61
IRN,KUW,8
IRN,LEB,32
IRN,LIE,11
IRN,LKA,12
IRN,LTU,14
IRN,LUX,255
IRN,LVA,17
IRN,MDA,15
IRN,MEX,42
IRN,MLS,252
IRN,MNE,13
IRN,MTA,32
IRN,NEP,9
IRN,NET,5393
IRN,NOR,1369
IRN,NRU,8
IRN,NZL,82
IRN,PAK,39
IRN,PAN,5
IRN,PER,6
IRN,PHI,77
IRN,PNG,21
IRN,POL,85
IRN,POR,100
IRN,ROM,133
IRN,RUS,5
IRN,SPA,164
IRN,SRB,22
IRN,SVK,44
IRN,SVN,86
IRN,SWE,6872
IRN,SWI,2310
IRN,SYR,45
IRN,TAN,5
IRN,THA,82
IRN,TJK,7
IRN,TUN,5
IRN,TUR,5114
IRN,UAE,5
IRN,UGA,5
IRN,UKR,74
IRN,USA,5275
IRN,YEM,5
IRQ,ALG,16
IRQ,ARE,4496
IRQ,ARG,26
IRQ,ARM,1123
IRQ,AUL,4192
IRQ,AUS,10340
IRQ,AZE,10
IRQ,BAH,241
IRQ,BEL,3789
IRQ,BLR,11
IRQ,BOL,16
IRQ,BRA,368
IRQ,BUL,1087
IRQ,CAN,504
IRQ,CHI,14
IRQ,CMR,6
IRQ,COL,8
IRQ,COS,5
IRQ,CYP,1013
IRQ,CZE,76
IRQ,DEN,275
IRQ,DJB,13
IRQ,ECU,56
IRQ,EST,17
IRQ,ETH,10
IRQ,FIN,9137
IRQ,FRA,14074
IRQ,GBR,8272
IRQ,GEO,367
IRQ,GFR,103374
IRQ,GHA,16
IRQ,GRE,15704
IRQ,HRV,119
IRQ,HUN,592
IRQ,ICE,328
IRQ,ICO,5
IRQ,IND,137
IRQ,INS,418
IRQ,IRE,356
IRQ,IRN,11817
IRQ,ISR,10
IRQ,ITA,5589
IRQ,JOR,30835
IRQ,JPN,17
IRQ,KGZ,5
IRQ,KOR,28
IRQ,KUW,303
IRQ,LBY,118
IRQ,LEB,2782
IRQ,LIE,7
IRQ,LTU,81
IRQ,LUX,837
IRQ,LVA,44
IRQ,MAU,24
IRQ,MCO,5
IRQ,MDA,21
IRQ,MEX,45
IRQ,MLS,306
IRQ,MOR,128
IRQ,MTA,81
IRQ,NET,5327
IRQ,NOR,950
IRQ,NZL,50
IRQ,OMN,282
IRQ,PAK,21
IRQ,PAR,6
IRQ,PER,42
IRQ,PHI,54
IRQ,PNG,5
IRQ,POL,144
IRQ,POR,245
IRQ,QAT,136
IRQ,ROM,491
IRQ,RSA,7
IRQ,RUS,14
IRQ,SAL,5
IRQ,SAU,33
IRQ,SOM,5
IRQ,SPA,306
IRQ,SRB,21
IRQ,SUD,9
IRQ,SVK,216
IRQ,SVN,53
IRQ,SWE,10297
IRQ,SWI,4306
IRQ,SYR,10114
IRQ,THA,139
IRQ,TOG,6
IRQ,TUN,18
IRQ,TUR,11855
IRQ,UAE,813
IRQ,UKR,71
IRQ,USA,5368
IRQ,VEN,18
IRQ,YEM,3140
ISR,AUL,5
ISR,AUS,10
ISR,BEL,6
ISR,BUL,25
ISR,CAN,48
ISR,FRA,9
ISR,GBR,121
ISR,GFR,117
ISR,HUN,9
ISR,IRE,11
ISR,LVA,7
ISR,MDA,179
ISR,NET,25
ISR,NOR,13
ISR,POL,60
ISR,POR,27
ISR,ROM,29
ISR,RUS,5
ISR,SPA,46
ISR,SVK,8
ISR,SWE,22
ISR,SWI,19
ISR,USA,99
ITA,AUL,5
ITA,CAN,17
ITA,FRA,7
ITA,GBR,5
ITA,GFR,44
ITA,MDA,35
ITA,MEX,5
ITA,SWI,15
ITA,USA,18
JAM,ARG,14
JAM,AUL,5
JAM,BEL,6
JAM,BHS,5
JAM,CAN,332
JAM,FRA,41
JAM,GBR,244
JAM,GFR,26
JAM,MEX,7
JAM,NET,160
JAM,POR,12
JAM,SPA,67
JAM,SWE,5
JAM,SWI,8
JAM,TRT,36
JAM,USA,900
JOR,ARE,9
JOR,ARG,5
JOR,AUL,148
JOR,AUS,85
JOR,BEL,31
JOR,BRA,13
JOR,BUL,7
JOR,CAN,672
JOR,CYP,57
JOR,DEN,6
JOR,FIN,9
JOR,FRA,64
JOR,GBR,121
JOR,GFR,747
JOR,GRE,45
JOR,HUN,5
JOR,IRE,18
JOR,ITA,9
JOR,LEB,38
JOR,MDA,5
JOR,MLS,5
JOR,MTA,5
JOR,NET,126
JOR,NOR,6
JOR,NZL,8
JOR,POL,12
JOR,POR,18
JOR,ROM,12
JOR,RSA,5
JOR,SPA,25
JOR,SWE,291
JOR,SWI,66
JOR,SYR,17
JOR,UAE,7
JOR,USA,695
JOR,YEM,14
JPN,AUL,10
JPN,CAN,5
JPN,GFR,37
JPN,POL,5
JPN,USA,7
KAZ,ARG,18
KAZ,AUL,5
KAZ,AUS,108
KAZ,BEL,55
KAZ,BUL,5
KAZ,CAN,52
KAZ,CYP,5
KAZ,CZE,52
KAZ,EST,5
KAZ,FIN,14
KAZ,FRA,1088
KAZ,GBR,50
KAZ,GFR,350
KAZ,GRE,5
KAZ,HRV,11
KAZ,ICE,5
KAZ,IRE,11
KAZ,ITA,6
KAZ,LTU,7
KAZ,LVA,7
KAZ,MDA,35
KAZ,NET,68
KAZ,NOR,12
KAZ,POL,104
KAZ,POR,14
KAZ,ROM,6
KAZ,RUS,41
KAZ,SPA,54
KAZ,SVK,11
KAZ,SVN,21
KAZ,SWE,207
KAZ,SWI,29
KAZ,UKR,8
KAZ,USA,1191
KEN,ARE,12
KEN,AUL,117
KEN,AUS,17
KEN,BEL,15
KEN,BRA,11
KEN,CAN,483
KEN,CHL,5
KEN,DEN,5
KEN,ETH,4023
KEN,FIN,18
KEN,FRA,208
KEN,GBR,337
KEN,GFR,160
KEN,GRE,31
KEN,ICE,5
KEN,IRE,51
KEN,ITA,22
KEN,JOR,5
KEN,NAM,5
KEN,NET,40
KEN,NOR,8
KEN,POR,27
KEN,RSA,112
KEN,SPA,15
KEN,SWE,82
KEN,SWI,37
KEN,UGA,231
KEN,USA,1518
KEN,ZAM,5
KGZ,ARG,5
KGZ,AUL,11
KGZ,AUS,117
KGZ,BEL,87
KGZ,CAN,8
KGZ,CYP,5
KGZ,CZE,22
KGZ,DEN,5
KGZ,FIN,17
KGZ,FRA,534
KGZ,GBR,36
KGZ,GFR,427
KGZ,ITA,9
KGZ,LTU,5
KGZ,LUX,5
KGZ,LVA,5
KGZ,MDA,30
KGZ,MEX,8
KGZ,NET,31
KGZ,NOR,15
KGZ,POL,55
KGZ,RUS,33
KGZ,SPA,13
KGZ,SVK,5
KGZ,SWE,154
KGZ,SWI,21
KGZ,UKR,17
KGZ,USA,1607
KOR,AUL,22
KOR,CAN,19
KOR,GBR,5
KOR,GFR,37
KOR,NOR,5
KOR,POL,5
KOR,RUS,5
KOR,SWE,8
KOR,USA,21
KRN,BEL,28
KRN,CAN,33
KRN,GBR,35
KRN,GFR,91
KRN,IRE,8
KRN,ISR,5
KRN,LUX,11
KRN,NET,5
KRN,RUS,37
KRN,USA,7
KUW,AUL,24
KUW,AUS,9
KUW,BEL,6
KUW,CAN,28
KUW,FRA,660
KUW,GBR,750
KUW,GFR,53
KUW,GRE,168
KUW,INS,5
KUW,IRE,44
KUW,IRN,8
KUW,LEB,9
KUW,LUX,6
KUW,NET,5
KUW,NZL,7
KUW,ROM,5
KUW,SPA,5
KUW,SWE,30
KUW,UAE,5
KUW,USA,152
LAO,AUL,5
LAO,BEL,9
LAO,FRA,6356
LAO,GBR,5
LAO,GFR,43
LAO,POL,5
LAO,SWI,104
LAO,THA,6
LAO,USA,58
LBR,ANG,163
LBR,ARG,42
LBR,AUL,44
LBR,AUS,10
LBR,BEL,16
LBR,BRA,259
LBR,CAN,107
LBR,CAR,6
LBR,CMR,9
LBR,COD,5
LBR,COL,5
LBR,CYP,6
LBR,ECU,6
LBR,FIN,5
LBR,FRA,367
LBR,GAM,15
LBR,GBR,26
LBR,GFR,146
LBR,GHA,629
LBR,GNB,8
LBR,GRE,6
LBR,GUI,328
LBR,ICO,1079
LBR,IRE,7
LBR,ITA,342
LBR,KOR,12
LBR,LUX,5
LBR,MAU,7
LBR,MLS,20
LBR,MTA,6
LBR,NET,35
LBR,NIG,11
LBR,NOR,5
LBR,PAN,5
LBR,PHI,5
LBR,POR,24
LBR,RSA,43
LBR,SAU,9
LBR,SPA,7
LBR,SVK,5
LBR,SWE,11
LBR,SWI,37
LBR,USA,1187
LBR,VEN,9
LBR,ZAM,6
LBY,ALG,21
LBY,ARE,5
LBY,ARG,5
LBY,AUL,1168
LBY,AUS,150
LBY,AZE,5
LBY,BEL,77
LBY,BLR,7
LBY,BRA,7
LBY,CAN,376
LBY,CHD,33
LBY,CYP,12
LBY,CZE,24
LBY,FIN,32
LBY,FRA,2430
LBY,GBR,4683
LBY,GFR,2442
LBY,GHA,7
LBY,GRE,71
LBY,HRV,5
LBY,HUN,7
LBY,ICE,14
LBY,IND,8
LBY,INS,10
LBY,IRE,202
LBY,ITA,1204
LBY,JOR,48
LBY,KOR,17
LBY,LEB,11
LBY,LUX,9
LBY,MAU,8
LBY,MDA,5
LBY,MLS,14
LBY,MOR,51
LBY,MTA,2859
LBY,NET,333
LBY,NGR,6
LBY,NIG,5
LBY,NOR,54
LBY,NZL,20
LBY,POL,30
LBY,POR,33
LBY,ROM,5
LBY,RUS,5
LBY,SPA,172
LBY,SRB,47
LBY,SVK,11
LBY,SWE,245
LBY,SWI,307
LBY,SYR,10
LBY,TUN,86
LBY,UKR,10
LBY,URU,5
LBY,USA,438
LBY,VEN,5
LCA,CAN,49
LCA,FRA,10
LCA,GBR,30
LCA,USA,5
LEB,ARM,26
LEB,AUL,483
LEB,AUS,127
LEB,BEL,139
LEB,BLR,5
LEB,BRA,413
LEB,BUL,22
LEB,CAN,689
LEB,CYP,63
LEB,CZE,5
LEB,DEN,29
LEB,ECU,19
LEB,FIN,12
LEB,FRA,399
LEB,GBR,233
LEB,GEO,11
LEB,GFR,2401
LEB,GHA,10
LEB,GRE,104
LEB,HUN,5
LEB,ICO,5
LEB,IRE,10
LEB,ITA,6
LEB,JOR,5
LEB,LUX,8
LEB,LVA,5
LEB,MDA,12
LEB,MLS,5
LEB,MOR,5
LEB,NET,185
LEB,NIG,13
LEB,NOR,25
LEB,PHI,5
LEB,POL,25
LEB,POR,16
LEB,ROM,23
LEB,RUS,5
LEB,SPA,38
LEB,SWE,518
LEB,SWI,62
LEB,SYR,25
LEB,TAN,5
LEB,TOG,12
LEB,TUN,6
LEB,UAE,16
LEB,UKR,11
LEB,USA,417
LEB,VEN,12
LES,IRE,5
LES,USA,7
LIE,ITA,5
LKA,ARG,36
LKA,AUL,3764
LKA,AUS,77
LKA,BEL,198
LKA,BEN,5
LKA,BRA,19
LKA,CAN,1471
LKA,CHL,5
LKA,CYP,32
LKA,CZE,7
LKA,DEN,33
LKA,ECU,18
LKA,EST,5
LKA,FIN,30
LKA,FRA,33721
LKA,GBR,4159
LKA,GFR,3232
LKA,GRE,55
LKA,GUI,10
LKA,HKG,21
LKA,HUN,11
LKA,ICE,5
LKA,IND,92072
LKA,INS,402
LKA,IRE,18
LKA,ITA,349
LKA,JOR,9
LKA,JPN,59
LKA,KEN,9
LKA,LTU,10
LKA,LUX,5
LKA,LVA,5
LKA,MEX,20
LKA,MLS,739
LKA,MTA,7
LKA,NEP,15
LKA,NET,204
LKA,NOR,42
LKA,NRU,11
LKA,NZL,42
LKA,PHI,19
LKA,POL,11
LKA,POR,35
LKA,ROM,5
LKA,RSA,9
LKA,SPA,42
LKA,SWE,26
LKA,SWI,5944
LKA,TCI,7
LKA,THA,100
LKA,TRT,5
LKA,UKR,8
LKA,USA,939
LTU,BEL,5
LTU,GFR,18
LTU,MDA,26
LTU,NOR,5
LTU,RUS,8
LTU,USA,15
LUX,GFR,5
LVA,CAN,10
LVA,FRA,38
LVA,GFR,9
LVA,MDA,14
LVA,RUS,15
LVA,URU,5
LVA,USA,11
MAC,USA,10
MAD,CAN,20
MAD,FRA,457
MAD,GFR,5
MAD,SWI,5
MAD,USA,7
MAU,ANG,323
MAU,AUS,5
MAU,BEL,244
MAU,BRA,64
MAU,CAN,167
MAU,CMR,5
MAU,COB,5
MAU,FRA,8298
MAU,GAB,6
MAU,GBR,7
MAU,GFR,44
MAU,GRE,66
MAU,HRV,5
MAU,ICO,5
MAU,ITA,239
MAU,MEX,7
MAU,MLI,14952
MAU,MOR,7
MAU,NET,13
MAU,SEN,11494
MAU,SPA,33
MAU,SWE,13
MAU,SWI,9
MAU,USA,905
MCD,ARG,9
MCD,AUL,5
MCD,AUS,17
MCD,BEL,99
MCD,BRA,6
MCD,CAN,5
MCD,FRA,767
MCD,GBR,14
MCD,GFR,621
MCD,ICE,5
MCD,IRE,6
MCD,ITA,15
MCD,MTA,5
MCD,SWE,37
MCD,SWI,136
MCD,USA,107
MDA,AUS,18
MDA,BEL,121
MDA,BUL,61
MDA,CAN,9
MDA,CYP,18
MDA,CZE,18
MDA,DEN,20
MDA,EST,14
MDA,FIN,23
MDA,FRA,464
MDA,GBR,5
MDA,GFR,1454
MDA,GRE,14
MDA,HRV,8
MDA,HUN,11
MDA,ICE,7
MDA,IRE,42
MDA,ITA,220
MDA,LTU,20
MDA,LVA,17
MDA,NET,108
MDA,NOR,22
MDA,POL,300
MDA,POR,58
MDA,ROM,231
MDA,RUS,27
MDA,SPA,137
MDA,SVK,22
MDA,SWE,23
MDA,SWI,66
MDA,USA,1230
MDV,AUL,19
MDV,FRA,5
MDV,GBR,43
MDV,IND,5
MDV,NZL,5
MDV,USA,5
MEX,AUL,29
MEX,BRA,10
MEX,CAN,4151
MEX,COS,13
MEX,FRA,36
MEX,GBR,13
MEX,GFR,31
MEX,IRE,10
MEX,LUX,5
MEX,NET,8
MEX,PAN,6
MEX,POL,5
MEX,POR,6
MEX,ROM,5
MEX,SPA,64
MEX,TRT,6
MEX,URU,8
MEX,USA,13236
MLI,ALG,222
MLI,ARG,9
MLI,AUS,13
MLI,BDI,12
MLI,BEL,91
MLI,BEN,49
MLI,BKF,34116
MLI,BRA,190
MLI,BUL,6
MLI,CAN,120
MLI,CHD,7
MLI,CMR,23
MLI,COD,9
MLI,DJB,5
MLI,ECU,5
MLI,FIN,8
MLI,FRA,8436
MLI,GBR,38
MLI,GFR,289
MLI,GRE,212
MLI,GUI,9
MLI,ICE,5
MLI,ICO,30
MLI,ITA,10111
MLI,KOR,11
MLI,LBR,19
MLI,LUX,5
MLI,MAU,99297
MLI,MEX,5
MLI,MLS,5
MLI,MOR,60
MLI,MTA,20
MLI,NET,14
MLI,NGR,65734
MLI,NIG,145
MLI,NOR,8
MLI,POR,28
MLI,ROM,6
MLI,SPA,6340
MLI,SWE,38
MLI,SWI,60
MLI,TOG,76
MLI,TUN,23
MLI,UGA,5
MLI,USA,800
MLI,ZIM,6
MLS,AUL,815
MLS,CAN,22
MLS,FIN,5
MLS,FRA,27
MLS,GBR,336
MLS,GFR,12
MLS,IRE,10
MLS,NET,7
MLS,NOR,5
MLS,NZL,19
MLS,SWE,14
MLS,USA,83
MLW,CAN,51
MLW,GBR,244
MLW,GFR,6
MLW,IRE,161
MLW,POR,5
MLW,RSA,7
MLW,USA,25
MNE,AUS,5
MNE,BEL,13
MNE,FRA,207
MNE,GFR,213
MNE,IRE,5
MNE,ITA,5
MNE,LUX,6
MNE,SWE,21
MNE,SWI,63
MNE,USA,68
MNG,AUL,12
MNG,AUS,109
MNG,CAN,51
MNG,CZE,10
MNG,FRA,850
MNG,GBR,46
MNG,GFR,214
MNG,IRE,9
MNG,NET,27
MNG,NZL,5
MNG,SPA,17
MNG,SWE,236
MNG,SWI,172
MNG,USA,646
MOR,AUL,14
MOR,AUS,55
MOR,BEL,190
MOR,BRA,40
MOR,BUL,6
MOR,CAN,131
MOR,CMR,7
MOR,DEN,10
MOR,ECU,6
MOR,FIN,43
MOR,FRA,1417
MOR,GBR,261
MOR,GFR,2219
MOR,GRE,241
MOR,HRV,33
MOR,HUN,5
MOR,ICE,9
MOR,IRE,31
MOR,ITA,1009
MOR,LEB,5
MOR,LUX,8
MOR,MDA,5
MOR,MEX,5
MOR,MTA,30
MOR,NET,971
MOR,NOR,16
MOR,PHI,5
MOR,POL,21
MOR,POR,2075
MOR,ROM,9
MOR,SPA,1098
MOR,SVN,5
MOR,SWE,261
MOR,SWI,114
MOR,THA,5
MOR,USA,111
MOZ,BRA,5
MOZ,CAN,7
MOZ,FRA,16
MOZ,GBR,6
MOZ,GFR,14
MOZ,ICE,5
MOZ,IRE,5
MOZ,KEN,9
MOZ,SPA,5
MOZ,USA,32
MTS,AUL,13
MTS,CAN,7
MTS,FRA,69
MTS,GBR,63
MTS,IRE,20
MTS,ITA,5
MTS,USA,31
MYA,ARM,5
MYA,AUL,626
MYA,AUS,37
MYA,BEL,7
MYA,BGD,952365
MYA,BRA,5
MYA,CAM,8
MYA,CAN,57
MYA,CZE,166
MYA,DEN,13
MYA,FIN,31
MYA,FRA,378
MYA,GBR,319
MYA,GFR,760
MYA,GRE,108
MYA,IND,67482
MYA,INS,453
MYA,IRE,14
MYA,ITA,14
MYA,JPN,13494
MYA,KOR,477
MYA,LKA,36
MYA,MLS,123563
MYA,NEP,374
MYA,NET,195
MYA,NOR,23
MYA,NRU,5
MYA,NZL,19
MYA,PAK,24
MYA,PHI,10
MYA,ROM,31
MYA,SPA,13
MYA,SWE,9
MYA,SWI,49
MYA,THA,90619
MYA,USA,1322
NAM,BOT,5
NAM,CAN,25
NAM,GBR,234
NAM,GFR,8
NAM,POR,21
NAM,USA,19
NEP,AUL,91
NEP,AUS,17
NEP,BEL,5
NEP,BRA,12
NEP,CAN,228
NEP,ECU,5
NEP,FRA,214
NEP,GBR,74
NEP,GFR,60
NEP,GRE,30
NEP,HKG,8
NEP,HUN,9
NEP,IRE,13
NEP,ITA,25
NEP,KOR,5
NEP,MDA,5
NEP,MLS,9
NEP,NET,83
NEP,NOR,5
NEP,NZL,5
NEP,POL,7
NEP,POR,165
NEP,SWE,8
NEP,SWI,22
NEP,THA,5
NEP,USA,6224
NET,CAN,5
NET,GBR,5
NET,GFR,39
NET,USA,7
NGR,ALG,10
NGR,BEL,117
NGR,BEN,31
NGR,BOL,5
NGR,CAN,32
NGR,CHD,861
NGR,COD,10
NGR,FRA,249
NGR,GBR,194
NGR,GFR,62
NGR,GRE,19
NGR,ICO,5
NGR,ITA,448
NGR,MAU,5
NGR,MLI,18229
NGR,MOR,5
NGR,NET,10
NGR,NIG,1439
NGR,POL,25
NGR,RSA,5
NGR,SPA,26
NGR,SWE,5
NGR,SWI,7
NGR,TOG,10
NGR,USA,138
NIC,ARG,17
NIC,AUS,5
NIC,BEL,28
NIC,BRA,29
NIC,BZE,7
NIC,CAN,451
NIC,COL,10
NIC,COS,7083
NIC,DEN,13
NIC,ECU,7
NIC,FIN,112
NIC,FRA,96
NIC,GBR,73
NIC,GFR,8
NIC,GUA,104
NIC,HON,125
NIC,IRE,34
NIC,ITA,15
NIC,MEX,2081
NIC,NET,52
NIC,NOR,10
NIC,PAN,184
NIC,PER,10
NIC,SAL,29
NIC,SPA,2259
NIC,SWE,70
NIC,SWI,9
NIC,URU,9
NIC,USA,3215
NIG,ALG,6
NIG,ARE,30
NIG,ARG,42
NIG,ARM,11
NIG,AUL,282
NIG,AUS,458
NIG,BEL,72
NIG,BEN,5
NIG,BRA,167
NIG,BUL,5
NIG,CAN,3693
NIG,CHD,20461
NIG,CMR,124651
NIG,COB,5
NIG,COS,17
NIG,CYP,34
NIG,CZE,7
NIG,DEN,20
NIG,ECU,51
NIG,EST,8
NIG,ETH,5
NIG,FIN,163
NIG,FRA,7037
NIG,GBR,3181
NIG,GFR,9440
NIG,GHA,17
NIG,GRE,387
NIG,GUI,10
NIG,HRV,15
NIG,HUN,78
NIG,ICE,68
NIG,ICO,6
NIG,IRE,506
NIG,ISR,8
NIG,ITA,20946
NIG,JOR,5
NIG,JPN,6
NIG,KEN,6
NIG,KOR,15
NIG,LBR,5
NIG,LEB,5
NIG,LES,5
NIG,LTU,10
NIG,LUX,16
NIG,MAU,14
NIG,MDA,19
NIG,MEX,49
NIG,MLI,5
NIG,MLS,5
NIG,MOR,31
NIG,MTA,124
NIG,NET,1827
NIG,NGR,188107
NIG,NOR,104
NIG,PAN,10
NIG,PER,24
NIG,PHI,7
NIG,POL,27
NIG,POR,3871
NIG,ROM,12
NIG,RSA,7
NIG,SEN,5
NIG,SPA,321
NIG,SUD,12
NIG,SVK,19
NIG,SVN,6
NIG,SWE,616
NIG,SWI,320
NIG,THA,5
NIG,TOG,15
NIG,TRT,5
NIG,TUN,6
NIG,UKR,5
NIG,URU,23
NIG,USA,3501
NIG,VEN,7
NIU,USA,11
NOR,GBR,5
NRU,AUL,5
NZL,AUL,34
NZL,BUL,5
NZL,GFR,9
OMN,AUL,5
OMN,GBR,22
OMN,GFR,7
OMN,USA,20
PAK,AFG,52124
PAK,ARG,40
PAK,AUL,4718
PAK,AUS,422
PAK,AZE,51
PAK,BEL,274
PAK,BEN,5
PAK,BOL,5
PAK,BRA,395
PAK,BSN,5
PAK,BUL,33
PAK,CAN,2775
PAK,CHI,31
PAK,COS,5
PAK,CYP,34
PAK,CZE,9
PAK,DEN,58
PAK,ECU,30
PAK,EST,5
PAK,FIN,84
PAK,FRA,3035
PAK,GBR,7896
PAK,GEO,12
PAK,GFR,5973
PAK,GHA,60
PAK,GRE,1406
PAK,HKG,29
PAK,HRV,12
PAK,HUN,91
PAK,ICE,22
PAK,INS,275
PAK,IRE,409
PAK,IRN,10
PAK,ITA,17103
PAK,JOR,5
PAK,JPN,38
PAK,KEN,10
PAK,KOR,134
PAK,LBR,7
PAK,LEB,8
PAK,LKA,347
PAK,LTU,5
PAK,LVA,12
PAK,MAD,84
PAK,MDA,6
PAK,MEX,12
PAK,MLI,11
PAK,MLS,4064
PAK,MOR,16
PAK,MTA,59
PAK,NEP,182
PAK,NET,1123
PAK,NOR,82
PAK,NRU,6
PAK,NZL,48
PAK,OMN,5
PAK,PHI,103
PAK,PNG,15
PAK,POL,44
PAK,POR,763
PAK,QAT,5
PAK,ROM,41
PAK,RSA,5
PAK,RUS,5
PAK,SPA,460
PAK,SRB,5
PAK,SVK,8
PAK,SVN,5
PAK,SWE,580
PAK,SWI,331
PAK,SYR,226
PAK,THA,1270
PAK,TRT,9
PAK,UGA,235
PAK,UKR,11
PAK,USA,3984
PAN,CAN,5
PAN,COS,6
PAN,ECU,5
PAN,ICE,5
PAN,MEX,65
PAN,SPA,54
PAN,USA,19
PAR,ARG,21
PAR,BRA,6
PAR,CAN,8
PAR,FRA,10
PAR,GFR,5
PAR,SPA,90
PAR,SWI,5
PAR,URU,5
PAR,USA,14
PER,ARG,548
PER,AUL,26
PER,BEL,6
PER,BOL,525
PER,BRA,55
PER,CAN,192
PER,CHL,113
PER,COS,13
PER,ECU,83
PER,FRA,536
PER,GFR,47
PER,ICE,5
PER,ITA,742
PER,MEX,47
PER,NET,9
PER,PAN,23
PER,PAR,5
PER,SPA,392
PER,SWE,8
PER,SWI,5
PER,URU,9
PER,USA,555
PER,VEN,5
PHI,AUL,39
PHI,AUS,19
PHI,BEL,5
PHI,BRA,14
PHI,CAN,63
PHI,CYP,12
PHI,DEN,5
PHI,FRA,13
PHI,GBR,66
PHI,GFR,55
PHI,GRE,6
PHI,HKG,8
PHI,IRE,5
PHI,ITA,20
PHI,JOR,5
PHI,MDA,5
PHI,MLS,8
PHI,NET,11
PHI,NZL,12
PHI,POL,5
PHI,POR,5
PHI,RUS,5
PHI,SPA,11
PHI,SWE,5
PHI,SWI,13
PHI,USA,160
PLW,GFR,5
PNG,AUL,605
PNG,NZL,5
POL,AUL,5
POL,BEL,85
POL,CAN,129
POL,FRA,110
POL,GFR,572
POL,MDA,32
POL,RUS,5
POL,SWE,5
POL,SWI,8
POL,USA,15
POR,CAN,12
POR,GFR,8
POR,MDA,17
POR,MEX,5
POR,SWI,8
QAT,GBR,17
QAT,USA,23
ROM,ARG,51
ROM,BEL,30
ROM,CAN,558
ROM,DEN,5
ROM,FRA,157
ROM,GFR,174
ROM,HUN,27
ROM,MDA,2326
ROM,MEX,7
ROM,NOR,5
ROM,SVK,37
ROM,SWE,38
ROM,SWI,20
ROM,USA,504
RSA,AUL,28
RSA,BEL,5
RSA,BRA,7
RSA,CAN,125
RSA,FRA,163
RSA,GBR,121
RSA,GFR,30
RSA,IRE,194
RSA,ITA,5
RSA,NET,6
RSA,NZL,5
RSA,POL,6
RSA,POR,12
RSA,SPA,5
RSA,SWI,6
RSA,USA,54
RSA,ZAM,6
RUS,ARE,9
RUS,ARG,82
RUS,AUL,59
RUS,AUS,6276
RUS,AZE,310
RUS,BEL,2421
RUS,BLR,9
RUS,BOL,14
RUS,BRA,23
RUS,BUL,289
RUS,CAN,187
RUS,CHL,5
RUS,COL,9
RUS,COS,27
RUS,CYP,78
RUS,CZE,173
RUS,DEN,560
RUS,ECU,42
RUS,EST,158
RUS,FIN,980
RUS,FRA,33868
RUS,GBR,1029
RUS,GEO,212
RUS,GFR,12637
RUS,GRE,24
RUS,GUA,5
RUS,HRV,84
RUS,HUN,105
RUS,ICE,25
RUS,INS,5
RUS,IRE,77
RUS,ISR,5
RUS,ITA,547
RUS,JOR,23
RUS,KOR,14
RUS,LTU,839
RUS,LUX,39
RUS,LVA,253
RUS,MAU,11
RUS,MDA,995
RUS,MEX,49
RUS,MLS,5
RUS,MNE,10
RUS,MTA,19
RUS,NET,878
RUS,NOR,351
RUS,NZL,34
RUS,PAK,6
RUS,PHI,5
RUS,POL,2660
RUS,POR,668
RUS,ROM,306
RUS,RSA,9
RUS,SPA,1755
RUS,SRB,28
RUS,SVK,306
RUS,SVN,50
RUS,SWE,1341
RUS,SWI,1064
RUS,THA,5
RUS,UKR,170
RUS,URU,13
RUS,USA,7675
RUS,ZAM,5
RWA,ANG,493
RWA,ARE,5
RWA,AUL,94
RWA,AUS,13
RWA,BDI,720
RWA,BEL,705
RWA,BKF,7
RWA,BOT,18
RWA,BRA,18
RWA,CAN,701
RWA,CAR,229
RWA,CHD,14
RWA,CHI,9
RWA,CMR,257
RWA,COB,2571
RWA,COD,208755
RWA,CYP,5
RWA,DEN,9
RWA,ECU,5
RWA,ETH,11
RWA,FIN,48
RWA,FRA,4564
RWA,GBR,103
RWA,GFR,296
RWA,GHA,26
RWA,GRE,9
RWA,GUI,10
RWA,HKG,37
RWA,ICO,50
RWA,IND,5
RWA,IRE,28
RWA,ITA,5
RWA,JPN,5
RWA,KEN,811
RWA,KOR,5
RWA,LBR,5
RWA,LUX,15
RWA,MLI,10
RWA,MLW,2992
RWA,MOZ,757
RWA,NAM,139
RWA,NET,46
RWA,NGR,12
RWA,NOR,13
RWA,PHI,18
RWA,POL,5
RWA,POR,7
RWA,ROM,13
RWA,RSA,923
RWA,SEN,5
RWA,SPA,5
RWA,SWA,191
RWA,SWE,62
RWA,SWI,94
RWA,TAN,72
RWA,TOG,111
RWA,UGA,20969
RWA,USA,1184
RWA,VEN,5
RWA,ZAM,724
RWA,ZIM,667
SAL,ARG,50
SAL,AUL,14
SAL,BEL,526
SAL,BRA,62
SAL,BZE,112
SAL,CAN,630
SAL,CHL,9
SAL,COL,7
SAL,COS,1637
SAL,DEN,5
SAL,ECU,27
SAL,FIN,10
SAL,FRA,126
SAL,GBR,1168
SAL,GFR,210
SAL,GRE,12
SAL,GUA,366
SAL,HON,26
SAL,ICE,25
SAL,IRE,121
SAL,ITA,4084
SAL,MEX,15125
SAL,NET,50
SAL,NIC,211
SAL,NOR,10
SAL,PAN,393
SAL,PAR,12
SAL,PER,10
SAL,SPA,1259
SAL,SWE,138
SAL,SWI,11
SAL,URU,48
SAL,USA,32143
SAU,ARE,5
SAU,AUL,211
SAU,AUS,8
SAU,BEL,5
SAU,CAN,229
SAU,CZE,5
SAU,ECU,8
SAU,FRA,51
SAU,GBR,324
SAU,GFR,127
SAU,GRE,8
SAU,IND,5
SAU,IRE,22
SAU,LEB,6
SAU,MTA,5
SAU,NET,51
SAU,NOR,8
SAU,NZL,63
SAU,SPA,5
SAU,SWE,62
SAU,SWI,13
SAU,SYR,5
SAU,USA,710
SEN,ARG,43
SEN,AUS,12
SEN,BEL,327
SEN,BRA,15
SEN,CAN,181
SEN,CHL,5
SEN,FIN,5
SEN,FRA,3175
SEN,GAM,3501
SEN,GBR,92
SEN,GFR,165
SEN,GRE,71
SEN,ICE,5
SEN,IRE,6
SEN,ITA,4601
SEN,LUX,14
SEN,MAU,121
SEN,MEX,5
SEN,MOR,119
SEN,MTA,5
SEN,NET,15
SEN,POR,6
SEN,SPA,84
SEN,SWE,53
SEN,SWI,67
SEN,UGA,7
SEN,USA,387
SEY,GBR,9
SIN,AUL,6
SIN,GBR,5
SIN,GFR,10
SIN,USA,12
SLE,ANG,412
SLE,ARE,5
SLE,ARG,37
SLE,AUL,38
SLE,AUS,18
SLE,BEL,24
SLE,BRA,168
SLE,CAN,37
SLE,CHL,5
SLE,COL,5
SLE,CYP,33
SLE,CZE,5
SLE,FIN,5
SLE,FRA,1325
SLE,GAM,92
SLE,GBR,348
SLE,GFR,619
SLE,GHA,88
SLE,GNB,10
SLE,GRE,415
SLE,GUI,1655
SLE,HUN,5
SLE,IRE,73
SLE,ISR,5
SLE,ITA,422
SLE,MEX,12
SLE,MLS,9
SLE,MTA,5
SLE,NET,289
SLE,NIG,23
SLE,NOR,8
SLE,PAN,5
SLE,POL,7
SLE,POR,42
SLE,ROM,5
SLE,RSA,13
SLE,SPA,30
SLE,SWE,63
SLE,SWI,40
SLE,SYR,17
SLE,UKR,5
SLE,USA,395
SLE,VEN,5
SLE,ZAM,5
SOL,AUL,33
SOL,GFR,5
SOL,RSA,6
SOM,ANG,271
SOM,ARE,4666
SOM,ARG,5
SOM,AUL,665
SOM,AUS,9347
SOM,BDI,5
SOM,BEL,2168
SOM,BGD,14
SOM,BOT,328
SOM,BRA,54
SOM,BUL,40
SOM,CAN,623
SOM,CHD,7
SOM,CHI,95
SOM,COD,15
SOM,COL,11
SOM,COS,7
SOM,CYP,422
SOM,CZE,26
SOM,DEN,1104
SOM,DJB,13019
SOM,ECU,8
SOM,ETH,251842
SOM,FIN,2479
SOM,FRA,11566
SOM,GBR,2357
SOM,GEO,8
SOM,GFR,23812
SOM,GHA,73
SOM,GRE,5259
SOM,GUI,6
SOM,HKG,32
SOM,HRV,28
SOM,HUN,595
SOM,ICE,131
SOM,ICO,5
SOM,IND,508
SOM,INS,1128
SOM,IRE,674
SOM,IRQ,6
SOM,ITA,8517
SOM,JOR,555
SOM,JPN,5
SOM,KEN,279925
SOM,KUW,180
SOM,LBR,5
SOM,LBY,13
SOM,LEB,10
SOM,LIE,25
SOM,LTU,27
SOM,LUX,69
SOM,LVA,5
SOM,MAU,5
SOM,MEX,5
SOM,MLS,2190
SOM,MLW,88
SOM,MOR,29
SOM,MOZ,177
SOM,MTA,1778
SOM,NAM,5
SOM,NEP,23
SOM,NET,6735
SOM,NGR,30
SOM,NOR,2139
SOM,NRU,5
SOM,NZL,9
SOM,PAK,175
SOM,PHI,34
SOM,PNG,5
SOM,POL,19
SOM,POR,53
SOM,QAT,8
SOM,ROM,444
SOM,RSA,20850
SOM,RWA,27
SOM,SAU,16
SOM,SPA,639
SOM,SRB,7
SOM,SUD,420
SOM,SVK,34
SOM,SVN,52
SOM,SWA,195
SOM,SWE,8307
SOM,SWI,4271
SOM,SYR,319
SOM,TAN,162
SOM,THA,160
SOM,TUN,46
SOM,UAE,20
SOM,UGA,51192
SOM,UKR,89
SOM,URU,5
SOM,USA,1405
SOM,YEM,63040
SOM,ZAM,2537
SOM,ZIM,19
SPA,CAN,6
SPA,ECU,5
SPA,FRA,5
SPA,GFR,21
SPA,MDA,5
SPA,MEX,5
SPA,SWI,8
SPA,USA,7
SRB,ALB,52
SRB,AUS,411
SRB,BEL,349
SRB,BRA,92
SRB,BSN,35
SRB,CAN,57
SRB,COL,5
SRB,CYP,59
SRB,CZE,5
SRB,EST,7
SRB,FIN,36
SRB,FRA,18102
SRB,GBR,67
SRB,GFR,5895
SRB,GRE,23
SRB,HRV,10
SRB,HUN,37
SRB,IRE,43
SRB,ITA,1357
SRB,LUX,145
SRB,MCD,244
SRB,MNE,47
SRB,MTA,7
SRB,NET,14
SRB,NOR,27
SRB,POL,5
SRB,RUS,5
SRB,SPA,17
SRB,SVK,47
SRB,SVN,11
SRB,SWE,508
SRB,SWI,1936
SRB,UKR,5
SRB,USA,939
SRV,AUL,344
SRV,BEL,21
SRV,BRA,5
SRV,CAM,16
SRV,CAN,105
SRV,CYP,5
SRV,CZE,14
SRV,DEN,40
SRV,ECU,5
SRV,FIN,17
SRV,FRA,7863
SRV,GBR,3378
SRV,GFR,2858
SRV,GRE,5
SRV,ICO,5
SRV,IRE,15
SRV,ITA,6
SRV,MCO,7
SRV,MDA,81
SRV,NET,27
SRV,NOR,38
SRV,NZL,7
SRV,PHI,19
SRV,POL,110
SRV,RUS,5
SRV,SPA,13
SRV,SVK,25
SRV,SWE,36
SRV,SWI,779
SRV,THA,969
SRV,UKR,6
SRV,USA,448
SRV,YEM,15
SSD,ARE,21309
SSD,AUL,28
SSD,AUS,6
SSD,BEL,27
SSD,BOT,5
SSD,CAN,19
SSD,CAR,2665
SSD,CHD,25
SSD,CMR,5
SSD,COD,55829
SSD,ERT,5
SSD,ETH,409422
SSD,FIN,8
SSD,FRA,267
SSD,GBR,125
SSD,GFR,111
SSD,GHA,7
SSD,GRE,61
SSD,ICE,5
SSD,IND,5
SSD,IRE,6
SSD,ISR,72
SSD,JOR,11
SSD,KEN,153289
SSD,LBR,5
SSD,LBY,5
SSD,LEB,35
SSD,LTU,7
SSD,MLS,43
SSD,MLW,5
SSD,MOR,48
SSD,MTA,22
SSD,NGR,11
SSD,NOR,49
SSD,POR,33
SSD,RWA,18
SSD,SPA,5
SSD,SUD,796831
SSD,SWE,64
SSD,SWI,91
SSD,SYR,76
SSD,TAN,6
SSD,TUN,6
SSD,UGA,854242
SSD,USA,56
SSD,ZAM,5
SSD,ZIM,8
STA,ARE,5
STA,AUL,4062
STA,AUS,1972
STA,BEL,952
STA,BUL,1024
STA,CAN,442
STA,CYP,76
STA,CZE,61
STA,DEN,2890
STA,EST,10
STA,FIN,403
STA,FRA,1799
STA,GBR,3183
STA,GFR,9162
STA,GRE,823
STA,HRV,11
STA,HUN,61
STA,ICE,22
STA,IRE,6
STA,ITA,7
STA,JPN,9
STA,KOR,5
STA,LTU,47
STA,LUX,116
STA,NET,2643
STA,NOR,2192
STA,NZL,5
STA,PHI,10
STA,POL,120
STA,POR,24
STA,ROM,136
STA,RUS,29
STA,SPA,6
STA,SVK,9
STA,SVN,12
STA,SWE,20991
STA,SWI,860
STA,UKR,73
STK,CAN,10
STK,GBR,7
STK,USA,5
STP,FRA,5
STP,GAB,6
SUD,ALG,34
SUD,ANG,279
SUD,ARE,25476
SUD,ARG,5
SUD,AUL,611
SUD,AUS,298
SUD,BEL,296
SUD,BEN,30
SUD,BOT,5
SUD,BRA,86
SUD,BUL,12
SUD,CAN,564
SUD,CAR,478
SUD,CHD,403846
SUD,CMR,63
SUD,COB,32
SUD,COD,69
SUD,CUB,7
SUD,CYP,14
SUD,CZE,7
SUD,DEN,43
SUD,DJB,10
SUD,ECU,5
SUD,ERT,99
SUD,EST,15
SUD,ETH,48020
SUD,FIN,56
SUD,FRA,24979
SUD,GAB,5
SUD,GBR,11807
SUD,GEO,6
SUD,GFR,2108
SUD,GHA,610
SUD,GRE,787
SUD,HKG,5
SUD,HRV,5
SUD,HUN,62
SUD,ICE,10
SUD,ICO,9
SUD,IND,82
SUD,INS,395
SUD,IRE,220
SUD,IRQ,98
SUD,ISR,490
SUD,ITA,1095
SUD,JOR,3336
SUD,JPN,16
SUD,KEN,5540
SUD,KOR,39
SUD,LBR,11
SUD,LBY,1133
SUD,LEB,769
SUD,LKA,9
SUD,LUX,78
SUD,MAU,13
SUD,MDA,9
SUD,MLS,178
SUD,MOR,244
SUD,MOZ,5
SUD,MTA,226
SUD,NAM,7
SUD,NET,667
SUD,NGR,960
SUD,NIG,53
SUD,NOR,1331
SUD,NZL,9
SUD,PAN,5
SUD,PHI,7
SUD,PNG,10
SUD,POR,98
SUD,ROM,28
SUD,RSA,72
SUD,RUS,5
SUD,RWA,120
SUD,SPA,833
SUD,SRB,5
SUD,SSD,290740
SUD,SVN,6
SUD,SWE,1060
SUD,SWI,554
SUD,SYR,727
SUD,TUN,205
SUD,UAE,14
SUD,UGA,2871
SUD,UKR,22
SUD,USA,1363
SUD,YEM,111
SUD,ZAM,28
SUD,ZIM,6
SUR,FRA,14
SUR,USA,12
SVK,CAN,361
SVK,FRA,130
SVK,GFR,68
SVN,GFR,7
SWA,CAN,10
SWA,GBR,49
SWA,GFR,5
SWA,IRE,22
SWA,POR,25
SWA,RSA,6
SWA,SWE,5
SWA,USA,5
SWE,CAN,5
SWE,GFR,13
SWE,MDA,5
SWI,MDA,8
SYR,ALB,23
SYR,ALG,7803
SYR,ARE,145658
SYR,ARG,450
SYR,ARM,4888
SYR,AUL,536
SYR,AUS,73923
SYR,AZE,35
SYR,BAH,5
SYR,BEL,17808
SYR,BEN,41
SYR,BLR,49
SYR,BOL,22
SYR,BRA,3969
SYR,BSN,25
SYR,BUL,23726
SYR,CAN,512
SYR,CHD,50
SYR,CHI,37
SYR,CHL,113
SYR,CMR,5
SYR,COB,9
SYR,COD,12
SYR,COL,13
SYR,COS,6
SYR,CUB,27
SYR,CYP,10902
SYR,CZE,341
SYR,DEN,19153
SYR,DJB,10
SYR,DOM,5
SYR,ECU,153
SYR,EST,107
SYR,ETH,69
SYR,FIN,2594
SYR,FRA,40339
SYR,GBR,12682
SYR,GEO,448
SYR,GFR,522575
SYR,GHA,243
SYR,GRE,42827
SYR,GUI,14
SYR,HRV,550
SYR,HUN,819
SYR,ICE,256
SYR,ICO,148
SYR,IND,71
SYR,INS,19
SYR,IRE,2520
SYR,IRQ,257439
SYR,ITA,3578
SYR,JOR,660892
SYR,JPN,309
SYR,KAZ,13
SYR,KEN,5
SYR,KGZ,61
SYR,KOR,1261
SYR,KUW,165
SYR,LBR,40
SYR,LBY,424
SYR,LEB,814715
SYR,LIE,34
SYR,LTU,488
SYR,LUX,2912
SYR,LVA,318
SYR,MAD,5
SYR,MAU,378
SYR,MCO,5
SYR,MDA,203
SYR,MEX,38
SYR,MLI,24
SYR,MLS,409
SYR,MOR,5511
SYR,MTA,1988
SYR,NET,45141
SYR,NGR,5
SYR,NIG,515
SYR,NOR,15964
SYR,NZL,60
SYR,OMN,8
SYR,PAK,50
SYR,PAN,5
SYR,PAR,79
SYR,PER,47
SYR,PHI,141
SYR,POL,280
SYR,POR,918
SYR,QAT,30
SYR,ROM,2332
SYR,RSA,36
SYR,RUS,194
SYR,RWA,5
SYR,SAU,293
SYR,SOM,1121
SYR,SPA,16191
SYR,SRB,47
SYR,SUD,93478
SYR,SVK,55
SYR,SVN,340
SYR,SWE,111199
SYR,SWI,20330
SYR,TAN,10
SYR,THA,208
SYR,TOG,19
SYR,TRT,50
SYR,TUN,2497
SYR,TUR,3535898
SYR,UAE,475
SYR,UGA,28
SYR,UKR,517
SYR,URU,66
SYR,USA,8807
SYR,VEN,33
SYR,YEM,2520
SYR,ZAM,21
TAN,ANG,5
TAN,ARE,5
TAN,AUL,10
TAN,AUS,5
TAN,BEL,32
TAN,BRA,9
TAN,CAN,184
TAN,FIN,8
TAN,FRA,32
TAN,GBR,119
TAN,GFR,65
TAN,GRE,13
TAN,IRE,5
TAN,KEN,17
TAN,MOZ,5
TAN,NET,29
TAN,POR,15
TAN,RSA,28
TAN,SWE,68
TAN,SWI,14
TAN,THA,5
TAN,UGA,22
TAN,USA,91
TCI,IRE,5
TCI,USA,14
THA,AUL,23
THA,CAN,10
THA,DEN,5
THA,FRA,18
THA,GBR,33
THA,GFR,36
THA,KOR,10
THA,MLS,25
THA,NZL,6
THA,PHI,5
THA,SWE,5
THA,USA,25
TIB,AUL,10
TIB,BEL,5
TIB,NEP,12540
TIB,SPA,5
TJK,ARE,16
TJK,AUS,267
TJK,BEL,17
TJK,BLR,10
TJK,CAN,15
TJK,CZE,5
TJK,DEN,5
TJK,FIN,10
TJK,FRA,167
TJK,GBR,19
TJK,GEO,5
TJK,GFR,1424
TJK,GRE,5
TJK,ICE,5
TJK,ITA,5
TJK,LTU,87
TJK,LVA,14
TJK,MDA,37
TJK,NET,73
TJK,NOR,12
TJK,PAK,7
TJK,POL,233
TJK,POR,5
TJK,ROM,6
TJK,RUS,30
TJK,SPA,16
TJK,SWE,79
TJK,SWI,32
TJK,UKR,17
TJK,USA,320
TKM,ARE,5
TKM,AUS,9
TKM,BEL,11
TKM,BUL,36
TKM,CAN,7
TKM,CZE,7
TKM,DEN,5
TKM,EST,5
TKM,FIN,5
TKM,FRA,48
TKM,GBR,21
TKM,GFR,1084
TKM,GRE,7
TKM,ITA,5
TKM,KGZ,5
TKM,LUX,5
TKM,MDA,36
TKM,NET,406
TKM,NIG,5
TKM,NOR,7
TKM,PER,5
TKM,POL,129
TKM,POR,9
TKM,ROM,21
TKM,RUS,79
TKM,SPA,12
TKM,SWE,24
TKM,SWI,23
TKM,UKR,6
TKM,USA,208
TMP,AUL,6
TOG,AUS,6
TOG,BEL,127
TOG,BKF,6
TOG,BRA,69
TOG,CAN,80
TOG,CMR,18
TOG,FIN,5
TOG,FRA,1157
TOG,GAB,5
TOG,GAM,13
TOG,GBR,18
TOG,GFR,914
TOG,GHA,3405
TOG,GRE,108
TOG,GUI,8
TOG,ICO,18
TOG,IRE,23
TOG,ITA,723
TOG,LBR,5
TOG,LUX,8
TOG,MAU,17
TOG,MEX,19
TOG,MLI,31
TOG,MTA,5
TOG,NET,9
TOG,NGR,5
TOG,NIG,27
TOG,POR,8
TOG,RSA,12
TOG,SWI,496
TOG,USA,508
TON,AUL,30
TRT,CAN,48
TRT,GBR,105
TRT,GFR,5
TRT,MEX,5
TRT,NET,86
TRT,SPA,6
TRT,USA,34
TUN,ALB,5
TUN,ARE,5
TUN,AUL,7
TUN,AUS,18
TUN,BEL,58
TUN,BRA,8
TUN,BUL,5
TUN,CAN,92
TUN,DEN,5
TUN,FIN,5
TUN,FRA,603
TUN,GBR,73
TUN,GFR,495
TUN,GRE,32
TUN,HUN,7
TUN,ICE,5
TUN,IRE,5
TUN,ITA,577
TUN,JOR,10
TUN,LEB,9
TUN,LUX,11
TUN,MOR,5
TUN,MTA,13
TUN,NET,76
TUN,POL,10
TUN,POR,84
TUN,ROM,7
TUN,SAU,6
TUN,SPA,82
TUN,SVK,5
TUN,SWE,47
TUN,SWI,187
TUN,SYR,5
TUN,USA,105
TUR,ARG,7
TUR,ARM,17
TUR,AUL,804
TUR,AUS,756
TUR,BEL,3126
TUR,BEN,10
TUR,BKF,35
TUR,BLR,21
TUR,BRA,14
TUR,BSN,47
TUR,BUL,12
TUR,CAN,2346
TUR,CAR,9
TUR,CHL,27
TUR,COL,7
TUR,CYP,266
TUR,CZE,12
TUR,DEN,45
TUR,ECU,5
TUR,EST,30
TUR,FIN,958
TUR,FRA,18320
TUR,GBR,3114
TUR,GFR,26527
TUR,GHA,69
TUR,GRE,1592
TUR,HRV,27
TUR,HUN,37
TUR,ICE,11
TUR,ICO,34
TUR,IND,5
TUR,IRE,31
TUR,IRQ,4743
TUR,ISR,5
TUR,ITA,1607
TUR,JPN,47
TUR,KEN,146
TUR,LBR,16
TUR,LBY,5
TUR,LEB,8
TUR,LTU,75
TUR,LUX,154
TUR,LVA,34
TUR,MAU,6
TUR,MDA,247
TUR,MEX,8
TUR,MLI,22
TUR,MLW,31
TUR,MOR,5
TUR,MTA,7
TUR,NET,6648
TUR,NIG,379
TUR,NOR,1198
TUR,NZL,54
TUR,PAK,5
TUR,PAR,5
TUR,PER,47
TUR,PHI,57
TUR,POL,341
TUR,POR,83
TUR,ROM,98
TUR,RSA,5
TUR,RUS,6
TUR,SPA,235
TUR,SRB,102
TUR,SUD,5
TUR,SVK,16
TUR,SVN,60
TUR,SWE,2595
TUR,SWI,9108
TUR,SYR,5
TUR,TOG,63
TUR,UGA,85
TUR,UKR,7
TUR,URU,13
TUR,USA,5464
TUR,VEN,6
TUR,ZAM,21
UAE,AUL,5
UAE,BEL,7
UAE,CAN,16
UAE,ECU,5
UAE,GBR,24
UAE,GFR,20
UAE,PHI,7
UAE,SWE,5
UAE,USA,103
UGA,ARE,14
UGA,AUL,71
UGA,AUS,37
UGA,BDI,12
UGA,BEL,18
UGA,BOT,15
UGA,BRA,8
UGA,CAN,700
UGA,CAR,12
UGA,CHI,5
UGA,COD,27
UGA,CZE,5
UGA,DEN,71
UGA,ECU,6
UGA,ETH,11
UGA,FIN,40
UGA,FRA,224
UGA,GBR,1086
UGA,GFR,190
UGA,GHA,10
UGA,GRE,96
UGA,HKG,5
UGA,HUN,8
UGA,ICE,19
UGA,IRE,55
UGA,ITA,5
UGA,JOR,5
UGA,JPN,8
UGA,KEN,801
UGA,KOR,39
UGA,LES,9
UGA,LUX,5
UGA,MLS,6
UGA,MOZ,5
UGA,NAM,10
UGA,NET,470
UGA,NOR,92
UGA,NZL,5
UGA,PHI,5
UGA,POR,7
UGA,ROM,7
UGA,RSA,381
UGA,SPA,13
UGA,SUD,5
UGA,SVK,5
UGA,SWA,6
UGA,SWE,708
UGA,SWI,69
UGA,TAN,16
UGA,USA,1849
UGA,ZAM,225
UGA,ZIM,9
UKN,ARG,642
UKN,AUL,1525
UKN,AUS,5435
UKN,BEL,25217
UKN,CAN,5
UKN,CHL,436
UKN,COL,5
UKN,ECU,17
UKN,FIN,132
UKN,FRA,7251
UKN,GBR,2252
UKN,GEO,47
UKN,GFR,27539
UKN,GRE,11049
UKN,HRV,7
UKN,HUN,891
UKN,ICE,12
UKN,ISR,212
UKN,ITA,2646
UKN,JPN,336
UKN,KOR,88
UKN,LUX,17
UKN,LVA,13
UKN,MTA,637
UKN,NET,3205
UKN,NOR,28
UKN,NZL,644
UKN,PER,22
UKN,POL,32
UKN,POR,28
UKN,ROM,5
UKN,RUS,7
UKN,SPA,39
UKN,SVK,54
UKN,SVN,16
UKN,SWE,504
UKN,SWI,1289
UKN,SYR,5
UKN,TAN,6
UKN,TUR,2043
UKN,USA,6364
UKR,ALB,2542
UKR,ARG,121
UKR,ARM,406
UKR,AUL,1527
UKR,AUS,89862
UKR,AZE,4770
UKR,BEL,61975
UKR,BLR,19384
UKR,BOL,5
UKR,BRA,43
UKR,BSN,147
UKR,BUL,149215
UKR,CAN,75098
UKR,CHL,46
UKR,COL,8
UKR,COS,13
UKR,CYP,12472
UKR,CZE,433501
UKR,DEN,32839
UKR,ECU,79
UKR,EST,40298
UKR,FIN,44953
UKR,FRA,69302
UKR,GBR,182423
UKR,GEO,26446
UKR,GFR,1002999
UKR,GRE,21827
UKR,HRV,19416
UKR,HUN,29632
UKR,ICE,2335
UKR,IRE,70578
UKR,ISR,30
UKR,ITA,149872
UKR,JPN,2238
UKR,KGZ,14
UKR,KOR,17
UKR,LIE,402
UKR,LTU,65175
UKR,LUX,4500
UKR,LVA,37800
UKR,MCD,386
UKR,MDA,98910
UKR,MEX,31
UKR,MNE,32346
UKR,MTA,1765
UKR,NET,102588
UKR,NOR,33243
UKR,NZL,5
UKR,PAN,11
UKR,PAR,9
UKR,PER,29
UKR,POL,958147
UKR,POR,44960
UKR,ROM,100086
UKR,RUS,1275315
UKR,SPA,161157
UKR,SRB,1108
UKR,SVK,94858
UKR,SVN,7748
UKR,SWE,46857
UKR,SWI,60162
UKR,TUR,2768
UKR,URU,18
UKR,USA,3063
URU,BOL,10
URU,CAN,6
URU,GFR,9
URU,ITA,5
URU,MEX,15
URU,SPA,18
URU,USA,5
USA,ARG,5
USA,AUL,20
USA,AUS,5
USA,BEL,5
USA,BUL,20
USA,CAN,197
USA,COS,7
USA,DEN,5
USA,ECU,8
USA,EST,5
USA,FIN,7
USA,FRA,10
USA,GBR,67
USA,GFR,227
USA,HRV,8
USA,HUN,7
USA,ITA,29
USA,LTU,5
USA,LVA,6
USA,MDA,93
USA,MEX,50
USA,MLS,5
USA,NET,79
USA,NOR,5
USA,POL,100
USA,POR,67
USA,ROM,45
USA,RUS,9
USA,SAL,5
USA,SPA,132
USA,SVK,22
USA,SVN,8
USA,SWE,30
USA,SWI,13
UZB,ALB,5
UZB,AUL,21
UZB,AUS,47
UZB,AZE,5
UZB,BEL,70
UZB,BUL,5
UZB,CAN,24
UZB,CYP,5
UZB,CZE,36
UZB,DEN,18
UZB,ECU,5
UZB,EST,5
UZB,FIN,19
UZB,FRA,293
UZB,GBR,64
UZB,GFR,814
UZB,GHA,9
UZB,GRE,12
UZB,HRV,5
UZB,HUN,12
UZB,IRE,7
UZB,IRN,7
UZB,ITA,10
UZB,KAZ,5
UZB,LTU,27
UZB,LVA,27
UZB,MDA,93
UZB,NET,144
UZB,NOR,144
UZB,POL,177
UZB,POR,17
UZB,ROM,25
UZB,RUS,81
UZB,SPA,32
UZB,SRB,6
UZB,SVK,9
UZB,SWE,501
UZB,SWI,86
UZB,UKR,37
UZB,USA,1415
VAN,USA,5
VCT,CAN,57
VCT,GBR,39
VCT,GFR,5
VCT,TRT,5
VCT,USA,30
VEN,ALB,5
VEN,ARG,316
VEN,AUL,240
VEN,AUS,104
VEN,BEL,513
VEN,BOL,243
VEN,BRA,53307
VEN,CAN,1497
VEN,CHL,30
VEN,COL,1381
VEN,COS,1990
VEN,CZE,11
VEN,DEN,5
VEN,DOM,191
VEN,ECU,1540
VEN,FIN,5
VEN,FRA,1681
VEN,GBR,67
VEN,GFR,1221
VEN,GRE,15
VEN,GUA,59
VEN,HON,9
VEN,ICE,1156
VEN,IND,5
VEN,IRE,184
VEN,ITA,3426
VEN,LUX,8
VEN,MEX,20263
VEN,MTA,24
VEN,NET,132
VEN,NOR,28
VEN,NZL,5
VEN,PAN,71
VEN,PAR,4315
VEN,PER,4763
VEN,POL,22
VEN,POR,5
VEN,SAL,12
VEN,SPA,109094
VEN,SUR,13
VEN,SWE,41
VEN,SWI,77
VEN,TRT,3098
VEN,URU,621
VEN,USA,22583
WES,AUL,8
WSH,ALG,90000
WSH,ANG,16
WSH,CAN,5
WSH,CUB,96
WSH,ECU,5
WSH,FRA,862
WSH,GBR,11
WSH,GRE,10
WSH,ITA,5
WSH,SPA,15
WSH,SWI,5
WSH,VEN,11
YEM,ALG,293
YEM,ARE,163
YEM,ARG,22
YEM,ARM,21
YEM,AUL,247
YEM,AUS,562
YEM,AZE,11
YEM,BAH,9
YEM,BEL,121
YEM,BEN,17
YEM,BLR,25
YEM,BRA,21
YEM,BUL,29
YEM,CAN,450
YEM,CHD,5
YEM,CHI,29
YEM,CMR,5
YEM,CUB,12
YEM,CYP,61
YEM,CZE,27
YEM,DEN,7
YEM,DJB,3027
YEM,ECU,106
YEM,EST,6
YEM,ETH,2393
YEM,FIN,331
YEM,FRA,1084
YEM,GBR,1647
YEM,GEO,62
YEM,GFR,3757
YEM,GHA,16
YEM,GRE,1335
YEM,HKG,44
YEM,HRV,7
YEM,HUN,17
YEM,ICE,16
YEM,ICO,5
YEM,IND,15
YEM,INS,86
YEM,IRE,34
YEM,ITA,30
YEM,JOR,1783
YEM,JPN,19
YEM,KEN,96
YEM,KOR,829
YEM,KUW,9
YEM,LBY,8
YEM,LEB,30
YEM,LKA,8
YEM,LTU,7
YEM,LUX,37
YEM,MAD,9
YEM,MAU,45
YEM,MDA,10
YEM,MEX,25
YEM,MLS,349
YEM,MNE,7
YEM,MOR,11
YEM,MTA,5
YEM,NET,3074
YEM,NIG,5
YEM,NOR,197
YEM,NZL,11
YEM,PAK,137
YEM,PHI,37
YEM,POL,26
YEM,POR,18
YEM,QAT,5
YEM,ROM,79
YEM,RSA,5
YEM,RUS,85
YEM,RWA,5
YEM,SAU,24
YEM,SOM,9877
YEM,SPA,519
YEM,SUD,1941
YEM,SVK,25
YEM,SVN,6
YEM,SWE,1731
YEM,SWI,342
YEM,SYR,214
YEM,TAN,8
YEM,THA,36
YEM,TUN,26
YEM,UAE,12
YEM,UGA,34
YEM,UKR,5
YEM,USA,701
ZAM,AUL,20
ZAM,AUS,5
ZAM,CAN,23
ZAM,DEN,5
ZAM,GBR,81
ZAM,GFR,15
ZAM,IRE,10
ZAM,LES,5
ZAM,NET,12
ZAM,POR,22
ZAM,RSA,51
ZAM,SWE,11
ZAM,USA,35
ZIM,ARE,42
ZIM,AUL,261
ZIM,BOT,15
ZIM,BRA,5
ZIM,CAN,309
ZIM,CHI,9
ZIM,DEN,6
ZIM,ECU,10
ZIM,FIN,6
ZIM,FRA,84
ZIM,GBR,914
ZIM,GFR,166
ZIM,GRE,15
ZIM,HKG,5
ZIM,HUN,5
ZIM,IRE,849
ZIM,KEN,7
ZIM,MTA,5
ZIM,NAM,61
ZIM,NET,70
ZIM,NOR,11
ZIM,NZL,14
ZIM,POR,70
ZIM,RSA,3343
ZIM,SWA,9
ZIM,SWE,14
ZIM,SWI,9
ZIM,THA,9
ZIM,USA,680
ZIM,ZAM,5
